,abilita,acc,access,accesso,accus,activ,addit,address,affect,age,ambulatori,amend,anagrafica,analysi,annulla,applic,appoint,assign,attribut,authent,averag,beat,biolog,birth,blood,book,box,btn,calcul,cancel,cap,card,carri,cartella,certif,chang,charact,check,choic,chronolog,citi,class,clin,clinic,clinica,codic,complet,complianc,concern,conclud,conduct,confirm,consid,contact,correct,creat,creation,criteria,data,databa,date,dati,day,deal,decid,deem,defin,del,delet,dell,descript,detail,dettag,diagnosi,diagnost,dioptr,displac,display,dispo,doctor,draw,easi,edit,elenco,elimin,elimina,enabl,enter,error,esam,esami,esegui,evalu,event,examin,execut,fail,failur,field,find,finish,fiscal,folder,form,function,gap,generat,gestion,grid,ground,gui,guid,handler,hc,heart,held,highlight,histori,hospit,ica,identifi,ill,implement,includ,inclus,indic,input,insert,instrument,invalid,issu,ital,laboratori,laboratorio,leav,list,locat,log,login,logout,main,manag,mask,medi,medic,medici,medicin,medico,meet,memori,messag,method,modif,modifi,modifica,monitor,nb,note,notifi,notifica,numer,observ,obtain,occur,op,oper,option,organ,outpati,panel,paramet,parametri,password,patholog,patient,paz,pazient,pend,perform,person,physician,piani,piano,pin,plan,possess,prenota,prenotaz,prenotazion,prenotazioni,prescrib,pressur,prima,princip,print,printer,procedur,proceed,process,proper,provid,provinc,realiz,reason,receiv,recogn,record,recruit,refer,regist,registr,reinsert,relat,remain,rememb,rent,report,repr,request,requir,reserv,resid,resoconto,retriev,review,ricontrollata,risultati,ritorna,run,save,search,select,seleziona,send,seq,sequenc,serv,servic,set,settiman,sex,signatur,special,specif,stampa,start,step,storag,store,subject,success,successo,summari,support,surnam,survey,tabular,task,tax,tb,telephon,tempi,test,therapi,time,tipo,tower,train,transfer,type,uc,undergon,underpin,undo,updat,uscita,user,val,valid,valida,valu,vat,verifi,version,view,visit,visita,visualizza,week,zip
1.txt,0,0,0,0,0,0.0136728148990419,0.0322589743672145,0.0645179487344289,0.0383523337497265,0.0322589743672145,0,0,0.136680039848052,0.0487690004163932,0,0,0,0,0,0,0,0,0,0,0,0,0,0,0,0.0141655827613165,0.0487690004163932,0,0,0,0,0,0.108107238082416,0,0,0,0.0487690004163932,0,0,0,0,0,0.0340290264655719,0,0,0,0,0.0152024126941385,0,0,0.0410922754771619,0,0,0,0.0816059851998948,0,0,0,0,0,0,0.0410922754771619,0,0,0,0,0,0,0,0,0,0,0,0.0169055244887518,0,0,0,0,0,0,0,0,0,0.184053652862971,0,0,0,0,0,0,0,0.0293501155326527,0,0.0163161127349355,0.0292432804381,0,0.0360357460274718,0,0,0.0218423077005478,0,0,0,0,0,0,0,0,0,0,0,0,0.0383523337497265,0,0,0,0,0,0,0,0.0292432804381,0,0.0584865608762001,0.0436846154010956,0,0.0534655588032044,0,0.0383523337497265,0.196657995423865,0,0,0,0,0,0,0,0,0,0.00561318839720523,0,0,0,0,0,0,0,0.0202589421438285,0,0,0.0256190793608052,0,0,0.0383523337497265,0.0340290264655719,0.0195257199782931,0,0,0,0,0,0.0181585894233113,0.0497163362480856,0.0360357460274718,0,0,0,0,0,0,0,0,0,0,0,0,0,0,0,0,0,0,0,0,0,0,0,0,0,0,0,0,0,0,0,0,0.0444456931322385,0,0.0322589743672145,0,0,0,0.0146750577663263,0,0,0,0,0,0.0340290264655719,0,0,0,0,0,0,0,0,0,0,0,0,0,0,0,0,0.0256190793608052,0,0,0,0,0,0,0,0,0.0163161127349355,0,0,0,0,0,0,0,0,0,0,0.0340290264655719,0,0.0273456297980839,0,0,0,0,0,0,0,0,0,0.0360357460274718,0,0,0,0,0,0,0,0,0,0.0163161127349355,0,0.0292432804381,0,0,0,0,0.0181585894233113,0,0,0,0.0487690004163932,0.0227012885358809,0,0.00875543527075837,0,0,0,0,0
10.txt,0,0,0,0,0,0.0198877307622428,0,0,0,0,0,0,0,0,0,0,0,0,0,0,0,0,0,0,0,0,0,0,0,0.0206044840164603,0,0,0,0,0,0,0,0,0,0.0557852127268749,0,0,0,0.0372641154338984,0,0,0,0,0,0.0469221445341301,0,0.0442252005647666,0,0,0,0,0,0,0.0215817481520383,0,0,0,0,0,0,0,0,0,0.2141214119812,0,0,0,0,0,0,0,0,0,0,0,0,0,0,0,0.11157042545375,0,0,0,0,0,0,0,0,0,0.0294675522092051,0.021345538569202,0,0.0237325276144517,0,0,0,0,0.0425356806372364,0,0,0,0,0,0,0,0,0,0,0,0,0,0,0,0,0,0,0,0,0,0,0,0,0,0,0,0,0,0,0,0,0,0,0,0,0,0,0,0.0163292753373243,0,0,0,0,0,0,0,0,0,0,0.0372641154338984,0,0,0,0,0.0284010472411537,0,0,0,0,0,0.0264124937066347,0.0929760054509653,0,0,0,0,0,0,0,0,0.0122326503342061,0,0,0,0,0,0,0,0,0,0,0,0,0,0,0,0,0,0,0,0,0,0,0.0646482809196197,0,0,0,0,0,0,0,0.021345538569202,0.0812673951507196,0,0,0.0524156305854136,0,0,0,0,0,0,0,0,0,0,0,0,0,0,0.0425356806372364,0,0,0,0,0,0,0.0821524964571638,0,0,0,0,0,0.0237325276144517,0,0,0,0,0,0,0,0,0,0,0,0,0.0198877307622428,0,0,0,0,0,0,0,0,0,0,0,0,0,0,0,0,0,0,0,0.0237325276144517,0,0,0,0.0446190673607203,0,0,0.0264124937066347,0,0,0,0,0.0330200560521903,0,0.0382055357269456,0.196553949907427,0,0,0,0
11.txt,0,0,0,0,0,0.0142672851120438,0,0,0,0,0,0,0,0,0,0,0,0,0,0,0,0,0,0,0,0,0,0,0,0.0147814776639824,0,0,0,0,0,0,0,0,0,0,0,0,0,0.0267329523764924,0,0,0,0,0,0.0336615384701368,0,0.0317267743182021,0.057247679790162,0,0,0,0,0,0.0619302338275882,0,0,0,0,0,0,0,0,0,0,0,0,0.0278950741581936,0,0,0.0463781145727707,0,0,0,0,0.0246389841379881,0,0,0,0,0.0400198265214538,0,0,0.0320093309326906,0,0,0,0,0.0428788961500819,0,0.169118125722395,0.0153131037561666,0,0.0170255089408023,0.0305147274136696,0,0,0,0.0305147274136696,0.0227919732527455,0,0,0,0,0,0,0,0,0,0,0,0.0428788961500819,0,0,0,0,0,0,0,0,0,0,0.122058909654678,0.0455839465054911,0,0.0278950741581936,0,0,0.0256510428813737,0,0,0,0,0,0,0,0,0,0.00585724006664894,0,0,0,0,0,0,0,0.0211397657152993,0,0,0.0267329523764924,0,0,0,0,0.0203746643251754,0,0,0,0,0,0.0189480933112814,0.0667001778235186,0,0,0.0123641687364123,0,0,0,0,0,0.026326790936661,0,0,0,0,0,0,0,0,0,0,0,0,0,0,0,0,0,0,0,0,0,0,0,0,0,0,0,0,0,0,0.0153131037561666,0.0874507839121873,0,0.057247679790162,0,0.139134343718312,0,0.0305147274136696,0,0,0,0,0,0,0.0378961866225628,0,0,0,0,0.0305147274136696,0,0,0,0.0267329523764924,0,0,0,0,0,0,0,0,0.0170255089408023,0.0219441198614273,0,0,0,0,0,0,0,0.0355085493553794,0,0.0355085493553794,0,0.0142672851120438,0,0,0.10177878347769,0,0,0,0,0,0,0,0,0,0,0,0,0,0,0,0.0227919732527455,0.0170255089408023,0,0.0305147274136696,0,0.0320093309326906,0,0.0428788961500819,0.0189480933112814,0,0,0.0428788961500819,0,0.0236883010809192,0,0.00913610636948699,0.0256374717270557,0,0,0,0
12.txt,0,0,0,0,0,0.0145843358923114,0,0,0,0,0,0,0,0,0,0,0,0,0,0,0,0,0,0,0,0,0,0,0,0.0151099549454043,0,0,0.0344095726583621,0,0,0.145792042504589,0,0,0,0.0409091559997083,0,0,0,0.0546540359697177,0,0,0,0,0,0.0344095726583621,0,0.0324318137474955,0.0585198504521656,0,0,0,0,0,0.0395665382787369,0,0,0,0,0,0,0,0,0,0,0,0,0,0,0,0.0474087393410545,0,0,0,0,0.0251865171188322,0,0,0,0,0,0,0,0,0,0,0,0,0.0438317605089727,0,0.194485844580754,0.0156533949507481,0,0.0174038535839312,0.0311928324673067,0,0,0,0.0623856649346134,0.023298461547251,0,0,0,0,0,0,0,0,0,0,0,0,0,0,0,0,0,0,0,0,0,0,0,0.046596923094502,0,0.0285149646950423,0,0,0.0262210660565154,0,0,0,0,0,0,0,0,0,0.00598740095701891,0,0,0,0,0,0,0,0.0216095382867504,0,0.0409091559997083,0.0273270179848589,0,0,0,0,0,0,0,0,0,0,0.0193691620515321,0.0833340493301244,0,0,0,0,0,0,0,0,0.017941220490169,0,0,0,0,0,0,0,0,0,0,0,0,0,0,0,0,0,0,0,0,0,0,0,0,0,0,0,0,0,0.0438317605089727,0.0156533949507481,0.0595960897771943,0,0,0.03843812909597,0.0474087393410545,0,0.0311928324673067,0,0.0409091559997083,0,0,0,0,0.0193691620515321,0,0,0,0,0.0311928324673067,0,0,0,0.0273270179848589,0,0,0.0401634427123912,0,0,0,0,0,0.0174038535839312,0.0224317669694591,0,0,0,0,0,0,0,0,0,0,0,0.0145843358923114,0,0,0,0,0,0,0,0,0,0,0,0.0409091559997083,0,0,0,0,0,0,0.023298461547251,0.0174038535839312,0.0585198504521656,0.0311928324673067,0,0.0654412987957231,0,0,0.0193691620515321,0,0,0.0438317605089727,0,0.0242147077716062,0,0.0186782619109512,0,0,0,0,0
13.txt,0,0,0,0,0,0.0208347655604449,0,0,0,0,0,0,0,0,0,0,0,0,0,0,0,0,0,0,0,0,0,0,0,0.0215856499220061,0,0,0,0,0,0.029753478062161,0,0,0,0.0584416514281547,0,0,0,0.0390385971212269,0,0,0,0,0,0.0491565323690887,0.0835997863602365,0.0463311624964221,0,0,0,0,0,0,0.0113047252224963,0,0,0,0,0,0,0,0,0,0.160226906924708,0,0,0,0,0,0,0,0,0,0,0,0,0,0,0,0.116883302856309,0,0,0,0,0,0,0,0,0,0.216095382867504,0.022361992786783,0,0.0248626479770446,0,0,0,0,0.0445611892390096,0,0,0,0,0,0,0,0,0,0,0,0,0,0,0,0,0,0,0,0,0,0,0,0,0,0,0,0,0,0,0,0,0,0,0,0,0,0,0,0.0171068598771969,0,0,0,0,0,0,0,0,0,0,0.0390385971212269,0,0.0743146673011705,0,0,0.029753478062161,0,0,0,0,0,0.0276702315021887,0.0865808304728565,0,0,0,0,0,0,0,0,0.0128151574929778,0,0,0,0,0,0,0,0,0,0,0,0,0,0,0,0,0,0,0,0,0,0,0.0677267704872206,0,0,0,0,0,0,0,0.022361992786783,0.0851372711102776,0,0,0.0549116129942428,0,0,0.0445611892390096,0,0,0,0,0,0,0,0,0,0,0,0.0891223784780192,0,0,0,0,0,0,0.0860645200979811,0,0,0,0,0,0.0248626479770446,0,0,0,0,0,0,0,0,0,0,0,0,0.0208347655604449,0,0,0,0,0,0,0,0,0,0,0,0,0,0,0,0,0,0,0,0.0248626479770446,0.0835997863602365,0,0,0.0467437848540879,0,0,0.0276702315021887,0,0,0,0,0,0,0.0400248469520383,0.0187194238007073,0,0,0,0
14.txt,0,0,0,0,0,0.0122671984140937,0.0289426312079681,0,0,0,0.0492223041186439,0,0.0175184029711789,0,0,0,0,0,0,0,0,0,0,0,0,0.152653576667986,0,0,0,0.0127093078980036,0,0.0275220415496032,0,0,0,0,0,0,0,0,0,0,0,0,0,0,0.0305307153335972,0,0,0.0289426312079681,0,0.0272790956754635,0,0,0,0,0,0,0.0266242126735426,0,0.0398765097261206,0,0,0,0,0,0,0,0,0,0,0,0,0,0,0,0,0,0,0,0,0,0,0,0,0,0,0,0,0,0,0,0,0,0,0.0263328139358379,0,0.0146387553509702,0,0,0,0,0,0,0,0,0,0,0,0,0,0,0,0,0,0,0,0,0.0262369618883888,0,0,0,0,0.0398765097261206,0,0,0,0.0587905104463343,0,0.0239845497434935,0.0492223041186439,0,0,0,0,0,0,0,0,0,0,0,0.00503613164609067,0,0,0,0,0,0.0368678359421265,0,0.0181762471570798,0,0,0.0229853422302551,0,0,0,0,0.0175184029711789,0,0,0,0,0,0.0162918185480176,0.0573496856052683,0,0,0.0425234962149508,0,0,0,0,0,0.0603629848267367,0.0398765097261206,0,0,0,0.0368678359421265,0,0,0,0,0,0,0,0,0,0,0,0,0,0,0,0,0,0,0,0.0797530194522411,0,0,0,0,0.0368678359421265,0.0263328139358379,0.025063776074521,0,0,0,0,0.0305307153335972,0,0,0,0.0437553648595677,0,0,0.122122861334389,0.0162918185480176,0.0628719267279905,0,0,0,0,0,0,0,0,0.025063776074521,0,0.0337823349917309,0,0,0.0437553648595677,0.0797530194522411,0,0.0878325321058211,0,0,0,0,0,0,0,0,0.0305307153335972,0,0.0305307153335972,0,0.0122671984140937,0,0,0,0,0,0,0,0,0,0,0,0,0,0,0,0,0,0,0.0195968368154448,0.0292775107019404,0,0,0,0,0,0,0.048875455644053,0.0211849209410738,0,0,0,0.0203675112097623,0,0.0157106875886505,0.0661303009034334,0,0,0,0
15.txt,0,0,0,0,0,0.015262677096605,0,0,0,0,0,0.0612417039615686,0,0,0,0,0,0,0,0,0,0,0,0,0,0,0,0,0,0.0158127435475161,0,0,0,0,0,0.174369220271269,0,0,0,0,0,0,0,0,0,0,0,0,0,0.0360100178982859,0,0.0339402702008674,0,0,0,0,0,0,0.00828136847694493,0,0.0496137969848244,0,0,0,0,0,0,0,0,0,0,0,0,0,0,0,0,0,0,0,0,0,0.0298412421227187,0,0,0,0,0,0,0,0,0,0,0,0,0.0163814598321782,0,0.0182133351459745,0,0,0,0,0,0,0,0,0,0,0,0,0,0,0,0,0,0,0,0,0,0,0,0,0,0.0496137969848244,0,0,0,0,0,0.0298412421227187,0,0,0,0,0,0,0,0,0,0,0,0,0.00626588472246165,0,0,0,0,0,0.0458704470442737,0,0.0226146330907853,0,0,0.0285980420771779,0,0,0,0,0.0217961525339086,0,0,0,0,0,0.0202700533097429,0.063425492090581,0,0,0.0264535703197659,0,0,0,0,0,0.0469392396545119,0.0496137969848244,0,0,0,0,0,0,0,0,0,0,0,0,0,0,0,0,0,0,0,0,0,0,0,0,0,0,0,0,0,0.0327629196643565,0,0,0,0,0,0,0,0,0.0428119074415552,0.0544398144182994,0,0,0.0759717800161605,0.0202700533097429,0.234673121856802,0,0,0,0.0326436618843907,0.0612417039615686,0,0,0.0285980420771779,0,0,0.0630472647229397,0,0,0.0544398144182994,0.148841390954473,0,0.0546400054379236,0,0,0,0,0,0,0,0,0.0379858900080802,0,0,0,0.015262677096605,0,0,0,0,0,0,0,0,0,0,0,0,0,0,0,0,0,0,0,0.0364266702919491,0,0,0,0.0342425400675295,0,0,0.0608101599292287,0.0263579830313361,0,0,0,0,0,0.0195470182789024,0,0,0,0,0
16.txt,0,0,0,0,0,0.0168280798757439,0,0,0,0,0.0675229043678833,0,0,0,0,0,0,0,0,0,0,0,0,0,0,0,0,0,0,0.139476507188347,0,0,0,0,0,0.0240316553578992,0,0,0,0,0,0,0,0,0,0,0,0,0,0.0397033530673409,0,0.0187106617774012,0,0,0,0,0,0,0.00913073960278543,0,0,0,0,0,0,0,0,0,0,0,0,0,0,0,0,0,0,0,0,0,0,0,0,0,0,0,0,0,0,0,0,0,0,0,0,0.0180616095585555,0,0.0200813695199206,0,0,0,0,0,0,0,0,0,0,0,0,0,0,0,0,0,0,0,0,0,0,0,0,0,0,0,0,0,0,0,0.0329018823404335,0,0,0,0,0,0,0,0,0,0,0,0,0,0,0,0,0,0,0.0505751082795838,0,0.0249340826385582,0,0,0.0315311745979141,0,0,0,0,0.0240316553578992,0,0,0,0,0,0.0223490331363832,0.069930670766538,0,0,0.0291667570192291,0,0,0,0,0,0.0517535206447182,0.0547023915473705,0,0,0,0,0,0,0,0,0,0,0,0,0,0,0,0,0,0,0,0,0,0,0,0,0,0,0,0,0,0.036123219117111,0,0,0,0,0,0.0418818787268577,0,0,0,0.0600233851278685,0,0,0.0837637574537154,0.0223490331363832,0.258742159995961,0,0,0,0.0359917297699693,0.0675229043678833,0,0,0.0315311745979141,0,0,0.0231712169494565,0,0,0.0600233851278685,0.164107174642112,0,0.0602441085597619,0,0,0,0,0,0,0,0,0.0418818787268577,0,0,0,0.0168280798757439,0,0,0,0,0,0,0,0,0,0,0,0,0,0,0,0,0,0,0,0.0401627390398413,0,0,0,0,0,0,0.0670470994091496,0.0290613659063449,0,0,0,0.0279400474287764,0,0.0107759203332411,0,0,0,0,0
17.txt,0,0,0,0,0,0.0119326384573457,0.0281532867204781,0.0563065734409562,0.033471127636125,0.0281532867204781,0,0,0.15336565510223,0,0,0,0,0,0,0,0,0,0,0.100413382908375,0,0,0,0,0,0.0123626904098762,0,0,0,0,0,0.085203141723461,0.0314493783512482,0,0,0,0,0,0,0,0,0,0.0296980594608627,0,0,0,0,0.01326756016943,0,0,0.0358623495073413,0,0,0,0.0517961955648919,0,0,0,0,0.042562036727034,0,0.0358623495073413,0,0,0,0,0,0,0,0,0,0,0,0.0147539122810925,0,0,0,0,0.0233304256595801,0,0,0,0,0,0,0,0,0,0,0,0,0.0384219694245635,0,0.014239516568671,0.0255214083823419,0,0.0314493783512482,0,0,0.019062377629569,0,0,0,0,0,0,0,0,0,0,0,0,0.033471127636125,0,0,0,0,0,0,0,0.0255214083823419,0,0,0.019062377629569,0,0.0466608513191602,0,0.033471127636125,0,0,0,0,0,0,0,0,0,0,0.00489878260119729,0,0,0,0,0,0,0,0.0176805313255231,0,0.033471127636125,0.0223584692603391,0,0,0.033471127636125,0.0296980594608627,0.0170406283446922,0,0,0,0,0,0.0158474962239808,0.0433888025437838,0.0314493783512482,0,0.0103409411249994,0,0,0,0,0,0.0807354922057604,0.0387889685517718,0,0,0,0,0,0,0,0,0,0,0,0,0,0,0,0,0,0,0,0,0,0,0,0.0387889685517718,0,0.0563065734409562,0,0,0,0.0256146462830424,0,0,0,0,0,0.0296980594608627,0,0.0358623495073413,0.033471127636125,0,0,0,0,0,0,0.033471127636125,0,0,0,0,0,0,0.0223584692603391,0,0,0,0,0,0,0,0,0.014239516568671,0.0183532638841029,0,0.033471127636125,0,0,0,0,0,0,0,0,0,0.0238652769146914,0,0,0,0.0358623495073413,0,0,0,0.0314493783512482,0,0.0314493783512482,0,0,0,0,0,0,0,0,0,0.028479033137342,0,0.0255214083823419,0,0.0267714404164322,0,0.0358623495073413,0.0316949924479616,0,0,0,0,0.0198120336313142,0,0.00764110714538912,0,0,0,0,0.033471127636125
18.txt,0,0,0,0,0,0.0117195556277502,0.0276505494576124,0.0553010989152248,0.032873428928337,0,0,0,0.117154319869759,0,0,0,0,0.0418020003569084,0,0,0,0,0,0.098620286785011,0,0.0291677369704902,0,0,0,0.0121419280811284,0,0.0262933789804245,0,0,0,0,0.0308877823092616,0,0,0,0,0,0,0,0,0,0.0583354739409804,0,0,0,0,0.0130306394521187,0,0.0836040007138169,0.0704439008179918,0,0,0,0.0508712635012331,0,0,0,0,0,0,0.0352219504089959,0,0,0,0,0,0,0,0,0,0,0,0.0144904495617873,0,0,0,0,0,0,0,0,0,0.0262933789804245,0,0,0,0,0,0,0,0.0251572418851309,0,0.0139852394870876,0.0250656689469429,0,0,0,0,0.0374439560580819,0,0,0,0,0,0,0,0,0,0,0,0,0.032873428928337,0,0.0250656689469429,0,0,0,0,0,0.0250656689469429,0,0.0751970068408287,0.0748879121161639,0,0.045827621831318,0.047024879827633,0.032873428928337,0,0,0,0,0,0,0,0,0,0,0.00481130434046163,0,0,0,0,0,0,0.0418020003569084,0.017364807551853,0,0,0.0219592108806902,0,0,0.032873428928337,0.0291677369704902,0,0,0,0,0,0,0.0155645052199811,0.0487017171409818,0.0308877823092616,0,0.010156281462053,0,0,0,0,0,0.0504596826286003,0,0,0,0,0,0,0,0,0,0,0,0,0,0,0,0,0,0,0,0,0,0,0,0,0,0,0.0553010989152248,0,0,0,0.0125786209425654,0.0239448574997656,0,0,0,0,0.0291677369704902,0,0,0,0,0,0,0,0.0155645052199811,0.0300325721423883,0.032873428928337,0,0,0,0,0,0,0.0219592108806902,0,0,0,0,0,0,0,0,0.0139852394870876,0.0180255270290296,0,0.032873428928337,0,0,0,0,0,0.0291677369704902,0,0.0291677369704902,0,0.0117195556277502,0,0,0,0.0352219504089959,0,0,0,0.0308877823092616,0,0.0308877823092616,0,0,0,0.0239448574997656,0,0,0,0,0,0.0139852394870876,0,0.0250656689469429,0,0,0,0,0.0155645052199811,0,0,0,0,0.0194582473164693,0,0.00750465880350717,0.0421187035515915,0,0,0,0.032873428928337
19.txt,0,0,0.0537800887866284,0,0,0.0262518046061605,0,0,0,0,0,0,0,0,0,0,0,0,0,0,0,0,0,0,0,0,0,0,0,0.0271979189017277,0,0,0,0,0,0,0,0,0,0,0,0,0,0,0,0,0,0,0,0,0,0,0,0,0,0,0,0,0,0,0,0,0,0,0,0,0,0,0,0,0,0,0,0,0,0,0,0,0,0,0,0,0,0,0,0,0.14727296159895,0,0,0,0,0,0,0,0,0.0281761109113466,0,0.0313269364510762,0,0,0,0,0,0,0,0,0,0,0,0,0,0,0,0,0,0,0,0,0,0,0,0,0,0.085335730813898,0,0,0,0,0,0,0,0,0,0,0,0,0,0,0,0,0,0,0.010777321722634,0,0,0,0,0,0.157794337832302,0,0,0,0,0,0,0,0,0,0,0,0,0,0,0,0.0348644916927578,0.0954553655963244,0,0,0,0,0,0,0,0,0.193765181293825,0,0,0,0,0,0,0,0,0,0,0,0,0,0,0,0,0,0,0,0,0,0,0,0,0,0,0,0,0,0.236691506748452,0.0281761109113466,0,0,0,0,0,0,0,0,0,0,0,0,0.196007192441694,0,0,0,0,0,0,0,0,0,0,0,0,0,0,0,0,0,0,0.0313269364510762,0,0,0,0,0,0,0,0,0,0,0,0,0.0262518046061605,0,0,0,0,0,0,0,0,0,0,0,0,0,0,0,0,0,0,0,0.0313269364510762,0,0,0,0,0,0,0.0348644916927578,0.045335730813898,0,0,0,0,0,0.0168104357198561,0,0,0,0,0
2.txt,0,0,0,0,0,0.0123829267010191,0.0292156748986093,0.0584313497972187,0.0347341890563561,0,0,0.0496866654782538,0.176836709237372,0.0883363026410141,0,0,0,0,0,0,0,0,0,0,0,0,0,0,0,0.0128292070291168,0.044168151320507,0,0,0,0,0.106102025542423,0.0326361473456349,0,0,0,0.044168151320507,0,0,0,0,0,0.0308187409499519,0,0,0,0,0.027536445634666,0,0,0,0,0,0,0.053750768982435,0,0,0,0,0.044168151320507,0,0.0372156457151655,0,0,0,0,0,0,0,0,0,0,0,0.0153106636879262,0,0,0,0,0.0242108190806963,0,0,0,0,0.055563366902029,0,0,0,0,0,0,0,0.0265812367088175,0,0.0147768568165454,0.0264844803967699,0,0.0326361473456349,0,0,0.0197817126344584,0,0,0,0,0,0,0,0,0,0,0,0,0.0347341890563561,0,0,0,0,0,0,0,0.0264844803967699,0,0,0.0197817126344584,0,0.0484216381613926,0,0.0347341890563561,0.267158031519213,0,0,0,0,0,0,0,0,0,0.00508364232199719,0,0,0,0,0,0,0,0.0183477211868636,0,0.0347341890563561,0,0,0,0.0347341890563561,0.0308187409499519,0.0176836709237372,0,0,0,0,0,0.016445514949414,0.0450261158473228,0.0326361473456349,0,0,0,0,0,0,0,0,0,0,0,0,0,0,0,0,0,0,0,0,0,0,0,0,0,0,0,0,0,0,0,0,0.0805054064282057,0,0.0292156748986093,0,0,0,0.0132906183544088,0,0,0,0,0,0.0308187409499519,0,0.0372156457151655,0.0347341890563561,0,0,0,0,0,0,0,0,0,0,0,0,0,0.0232021850814839,0,0,0.0341010362652378,0,0,0,0,0,0.0147768568165454,0,0,0,0,0,0,0,0,0,0,0,0,0.0247658534020382,0,0,0,0,0,0,0,0,0,0.0326361473456349,0,0,0,0,0,0,0,0,0,0.0147768568165454,0,0.0264844803967699,0,0.0277816834510145,0,0,0.016445514949414,0,0,0,0.044168151320507,0.0205596575419298,0,0.0158589016225057,0,0,0,0,0
20.txt,0,0,0.0111345939516829,0,0,0.0190230468160584,0,0,0,0,0,0,0,0,0,0,0,0,0,0.0678525223184601,0,0,0,0,0,0,0,0,0,0.0197086368853099,0,0.128037323730763,0,0,0,0,0,0,0,0,0,0,0,0,0,0,0,0,0,0,0,0.0211511828788014,0,0,0,0,0,0,0.0103217056379314,0,0,0,0,0,0,0,0,0,0,0,0,0,0,0,0,0,0,0,0,0,0,0,0,0,0,0,0,0,0,0,0,0,0,0,0,0.0408349433497777,0.0618374860970275,0.0227006785877364,0,0,0,0,0,0,0.0618374860970275,0,0,0,0,0,0,0,0,0,0,0,0,0,0.122058909654678,0,0.0678525223184601,0,0,0,0,0,0.0406863032182261,0,0,0,0,0,0,0,0,0,0,0,0.0448820512935158,0,0,0,0.00780965342219858,0,0,0,0,0,0,0.0678525223184601,0.0281863542870658,0,0,0,0,0,0,0,0,0,0,0,0,0,0.0252641244150419,0.0494075391285323,0,0,0,0,0,0,0,0,0.140409551662192,0,0,0,0.0501366901251782,0,0,0,0,0,0,0,0,0,0,0,0,0,0,0,0,0,0,0,0,0,0.076330239720216,0,0,0,0,0.0612524150246665,0,0,0,0,0,0.0946894649476783,0.0406863032182261,0,0,0,0,0,0,0,0,0,0,0,0,0,0,0,0.0356439365019898,0,0,0,0,0,0,0,0,0,0,0,0,0,0,0.0618374860970275,0,0,0.0946894649476783,0,0,0,0.0190230468160584,0,0,0,0,0,0,0,0.150410070375535,0,0,0,0,0,0,0,0,0,0.076330239720216,0,0.0227006785877364,0,0,0,0,0,0,0.0252641244150419,0.197111873103904,0,0,0,0.0315844014412255,0,0.012181475159316,0,0,0,0,0
21.txt,0,0.0357391148089599,0.00879717919083344,0,0.0325708896236252,0.0100197727504429,0,0,0,0,0,0,0,0,0,0,0,0,0,0,0,0,0.0357391148089599,0,0.0357391148089599,0,0,0,0,0,0,0,0.0236401644217755,0,0,0,0,0,0,0.0281055270227003,0,0,0,0.150194297321362,0,0,0,0,0,0,0,0,0,0,0,0,0,0,0,0.0528157499028595,0,0,0,0,0.047280328843551,0,0,0,0,0,0,0.137133036319669,0,0,0.0651417792472504,0.0357391148089599,0.0325708896236252,0.0495551252189367,0,0.0692148562044245,0,0,0,0,0,0,0,0,0,0,0,0,0.0301134232504392,0,0.0296924953558403,0.0107542408058575,0,0,0,0,0,0,0.192871712202431,0,0,0,0.0286178491284907,0,0,0,0,0,0,0,0,0,0,0.0325708896236252,0,0,0,0.0357391148089599,0,0,0,0,0,0,0.0651417792472504,0,0,0,0.0180144728632548,0,0,0.0804089548197695,0.0301134232504392,0,0,0,0,0,0.00411348157352444,0,0,0,0.0325708896236252,0,0,0,0,0,0,0,0,0,0,0,0,0,0,0.0325708896236252,0.0357391148089599,0,0,0,0,0,0.0086832330057247,0,0,0,0,0.0402044774098847,0.0616301467219545,0,0,0,0,0,0,0,0,0,0,0,0,0,0,0,0.0249373018373657,0.0357391148089599,0,0,0.047280328843551,0.0498746036747313,0,0,0,0,0,0,0,0.0602268465008785,0,0.0107542408058575,0,0.0357391148089599,0,0,0,0,0.0214301902447145,0,0,0,0.0563228614955106,0,0,0.0266141157959983,0,0,0,0.0428603804894291,0,0,0,0,0,0,0,0.02759320491691,0,0.0498746036747313,0,0,0,0.0119568459736932,0,0,0,0,0,0.0325708896236252,0,0.0308222752252109,0,0,0,0,0,0,0,0,0,0.0325708896236252,0,0,0,0.0357391148089599,0,0,0.0281055270227003,0.0325708896236252,0.0204719392364408,0,0,0,0,0,0.0119568459736932,0,0,0,0,0,0,0,0,0,0.0903402697513177,0,0,0,0.0192485905189192,0.117032122845644,0,0,0,0
22.txt,0,0.0955474293872193,0.0235189892652894,0,0,0.026787555720572,0,0,0,0,0,0,0,0,0,0,0,0,0,0,0,0,0,0,0,0.0666691130754061,0,0,0,0,0,0,0,0,0,0,0,0,0,0.0751392661219132,0,0,0,0,0,0,0,0,0,0,0,0,0,0,0,0,0,0,0,0.0706006452783122,0,0,0,0,0.0632012559031141,0,0,0,0,0,0,0,0,0,0,0,0.0870772763407123,0.066242055139599,0,0,0,0,0,0,0,0,0,0,0,0,0,0,0,0,0,0.0287511335830067,0,0,0,0,0,0,0,0,0,0,0.038254471794207,0,0,0,0,0,0,0,0,0,0,0,0,0,0,0,0,0,0,0,0,0,0,0,0,0,0,0,0,0.107485439606018,0.080507315220562,0,0,0,0,0,0,0,0,0,0,0,0,0,0,0,0,0,0,0,0,0,0,0,0,0,0.0955474293872193,0,0,0,0,0,0.0232143576275497,0,0,0,0,0,0.115336417436801,0,0,0,0,0,0,0,0,0,0,0,0,0,0,0,0,0,0,0,0.0632012559031141,0.0666691130754061,0,0,0,0,0,0,0,0,0,0.0287511335830067,0,0,0,0,0,0,0,0,0,0,0.0501924820130061,0,0,0,0.308906456321708,0,0,0.0572929575930123,0,0,0,0,0,0,0,0,0,0.0666691130754061,0,0,0,0.0319662616847716,0,0,0,0,0,0,0,0.041201204637782,0,0,0,0,0,0,0,0,0,0,0,0,0,0.0955474293872193,0,0,0,0,0.054731102856607,0,0,0,0,0.0427930926378079,0.0319662616847716,0,0,0,0,0,0,0,0,0,0,0,0,0,0.0343070116731757,0.0240678306009094,0,0,0,0
23.txt,0,0.0731535006245898,0.0120044841041581,0,0,0.0205092223485629,0.0483884615508217,0.0967769231016434,0,0.0483884615508217,0,0,0.175731479804638,0,0,0,0,0,0,0,0,0,0,0.172585501873769,0,0,0,0,0,0,0,0,0,0,0,0,0.0540536190412078,0,0,0,0,0,0,0,0,0,0,0,0,0,0,0,0,0,0,0,0,0,0.044512355563579,0.0540536190412078,0,0,0,0,0.0483884615508217,0,0,0,0,0,0,0,0,0,0,0,0.0666685396983578,0.0760748601993833,0,0,0,0,0,0,0,0,0,0,0,0,0,0,0,0,0,0.0220125866494895,0,0,0,0,0,0,0,0,0,0,0.0292885799674397,0,0,0,0,0,0,0,0,0,0,0,0,0,0,0,0,0,0,0,0,0,0,0,0,0,0,0,0,0,0.0616384132157428,0,0,0,0,0,0,0,0,0,0,0,0,0,0,0,0,0,0,0,0,0.0510435396983578,0,0,0,0,0.0731535006245898,0,0,0,0,0,0.0177734925585927,0,0,0,0,0,0.100919365257201,0,0,0,0,0,0,0,0,0,0,0,0,0,0,0,0,0,0,0,0.0483884615508217,0.0510435396983578,0,0,0,0,0,0.0967769231016434,0,0,0,0.0220125866494895,0,0,0,0,0,0,0,0,0,0,0.0384286190412078,0,0,0,0.0262785006245898,0.0575285006245898,0,0.0438649206571501,0,0,0,0,0,0,0,0,0,0.0510435396983578,0,0,0,0.0244741691024033,0,0,0.0575285006245898,0,0,0.0666685396983578,0,0.0315446723008018,0,0,0,0,0,0,0,0,0.0616384132157428,0,0,0,0.0540536190412078,0.0731535006245898,0.0540536190412078,0,0,0,0,0,0,0,0,0,0.0244741691024033,0,0,0,0,0,0,0,0,0,0,0,0,0,0.0262663058122751,0,0,0,0,0.0575285006245898
24.txt,0,0,0.0426826101481178,0,0,0,0,0,0,0,0,0,0,0,0,0,0,0,0,0,0,0,0,0,0,0,0.204545779998541,0,0,0,0,0.0818016234946538,0,0,0,0,0,0,0,0,0,0,0,0,0,0,0,0,0,0,0,0,0,0,0,0,0,0,0.0197832691393684,0,0,0,0,0,0,0,0,0,0,0,0,0,0,0,0,0,0.237043696705272,0,0,0,0,0,0,0,0,0,0,0,0,0,0,0,0,0,0,0,0,0,0,0,0,0,0,0,0,0,0,0,0,0,0,0,0,0,0,0,0,0,0.0779820811682668,0,0,0,0,0.118521848352636,0,0,0,0,0,0,0,0,0,0,0,0,0.219158802544863,0.118521848352636,0,0,0,0,0.0149685023925473,0,0,0,0,0,0,0.130050667777048,0,0,0,0,0,0,0,0,0,0,0,0,0,0,0,0,0,0,0.0631946402083297,0,0,0,0,0,0.17941220490169,0,0,0,0,0,0,0,0,0,0,0.146299626130414,0,0,0,0,0,0,0,0,0,0,0,0,0,0,0,0,0,0,0,0.0782669747537405,0,0,0,0,0,0,0,0,0,0,0,0,0,0,0,0,0,0,0,0,0,0,0,0,0,0,0,0,0,0,0,0,0,0,0,0,0,0,0,0,0,0,0,0,0.0364608397307785,0,0,0,0,0,0,0,0,0,0,0,0,0,0,0,0.237043696705272,0,0.146299626130414,0,0,0,0,0,0,0,0,0,0.0629662927970806,0,0,0,0,0,0.023347827388689,0,0,0,0,0
25.txt,0,0,0.0160059788055442,0,0,0,0,0,0,0,0,0,0,0,0,0,0,0,0,0.0975380008327864,0,0,0,0,0,0,0.076704667499453,0,0,0.028331165522633,0,0.184053652862971,0,0,0,0,0,0,0,0,0,0,0,0,0,0,0,0,0,0,0,0.030404825388277,0,0,0,0,0,0,0,0,0,0,0,0,0,0,0,0,0,0,0,0,0,0,0,0,0,0,0,0,0,0,0,0,0,0,0,0,0,0,0,0,0,0,0,0.0293501155326527,0.0888913862644771,0.032632225469871,0,0,0,0,0,0,0.0888913862644771,0,0,0,0,0,0,0,0,0,0,0,0,0,0.1754596826286,0,0.0975380008327864,0,0,0,0,0,0.0584865608762001,0,0,0,0,0,0,0,0,0,0,0.0888913862644771,0.0645179487344289,0,0,0,0.0112263767944105,0,0,0,0,0,0,0,0.0405178842876571,0,0,0,0,0,0,0,0,0,0,0,0,0,0,0.014204667499453,0,0,0,0,0,0,0,0,0.134559153676267,0,0,0,0.0720714920549437,0,0,0,0,0.195076001665573,0,0.10972471959781,0,0,0,0,0,0,0,0,0,0,0,0,0,0,0,0,0,0,0,0.0587002310653054,0,0,0,0,0,0.0680580529311438,0,0,0,0,0,0,0,0,0,0,0,0,0,0,0,0,0.0512381587216104,0,0,0,0,0,0,0,0,0,0,0,0,0,0,0,0,0,0.0680580529311438,0,0,0,0.0273456297980839,0,0,0,0,0,0,0,0,0,0,0,0,0,0,0,0.0888913862644771,0,0,0,0,0,0,0,0,0,0,0,0.188898878391242,0,0,0,0.0454025770717617,0,0.0175108705415167,0,0,0,0,0
26.txt,0,0,0.0120044841041581,0,0,0.0205092223485629,0,0,0,0,0,0,0,0,0,0,0.0822935396983578,0,0,0,0,0,0,0,0,0.0510435396983578,0,0,0,0.0212483741419747,0,0,0,0,0,0,0,0,0,0,0,0,0,0.0384286190412078,0,0,0,0,0,0,0,0.0228036190412078,0,0.0731535006245898,0,0,0,0,0,0.0540536190412078,0.0666685396983578,0,0,0,0.0483884615508217,0,0,0,0,0,0,0,0,0,0,0,0,0.0253582867331278,0,0,0,0,0,0,0,0,0,0,0,0,0,0,0,0,0,0.0220125866494895,0,0.0244741691024033,0,0,0,0,0,0,0,0.0731535006245898,0.0292885799674397,0,0,0,0,0,0,0,0,0,0,0,0,0,0,0,0,0,0,0,0,0,0,0,0,0,0,0,0,0,0,0,0,0,0,0,0.00841978259580784,0,0,0,0,0,0,0,0,0,0,0,0,0,0,0,0,0,0,0,0,0,0.027237884134967,0.0852280049967182,0,0,0,0,0,0,0,0,0.0126149206571501,0,0,0,0,0,0,0,0,0,0,0,0,0,0,0,0,0,0,0,0.0483884615508217,0.0510435396983578,0,0,0,0,0,0,0,0,0,0.0220125866494895,0,0,0,0,0,0,0,0,0,0,0.230571714247247,0,0,0.027237884134967,0.157671003747539,0,0,0,0,0,0,0,0,0,0,0.0847197619714502,0,0.0510435396983578,0,0.0666685396983578,0,0.0244741691024033,0,0,0,0,0,0.0666685396983578,0,0.0315446723008018,0,0,0,0,0,0,0.164587079396716,0,0,0,0,0,0,0,0,0,0,0,0.0419035006245898,0,0,0.0666685396983578,0,0.0655269231016434,0.0244741691024033,0,0,0,0,0,0,0.027237884134967,0,0,0,0,0,0,0.0393994587184127,0.0184269328038213,0,0,0,0
27.txt,0,0,0.00936935344714781,0,0.0520339822035964,0.0160071979305857,0,0,0,0,0,0,0,0,0,0,0,0,0,0,0,0,0,0,0,0,0,0,0,0.0165840968912974,0,0,0,0,0,0,0,0,0,0,0,0,0,0,0,0,0,0,0,0,0,0.0177979465687475,0,0,0,0,0,0,0,0.0421881904711866,0.104067964407193,0,0,0,0.0377666041372267,0,0,0,0,0,0,0,0,0,0.0520339822035964,0,0,0.019791833547807,0,0.110574953204629,0,0,0,0,0,0,0,0,0,0,0,0,0,0,0.0474355718489644,0.0171805554337479,0,0.0191017905189489,0,0,0,0,0,0,0,0.057095415121631,0.0228593794867822,0,0,0,0,0,0,0,0,0,0,0,0,0,0,0,0,0,0,0,0,0,0,0,0,0,0,0,0,0,0,0,0,0,0,0,0.00657153763575246,0,0,0,0.0520339822035964,0,0,0,0,0,0,0,0,0,0,0,0,0,0,0,0,0,0.021258836398023,0.0665194185340239,0,0,0.0277439883841448,0,0,0,0,0.0642291041548159,0.0393831669296392,0,0,0,0,0,0,0,0,0,0,0,0,0,0,0,0.0398388602523768,0,0,0,0.0377666041372267,0.0398388602523768,0,0,0,0,0,0,0,0,0,0.0171805554337479,0.065410342438384,0,0,0,0,0,0,0,0,0,0.119972274079868,0,0,0.0425176727960461,0,0,0,0,0,0,0,0,0,0,0,0.066122741050888,0,0.0398388602523768,0,0,0,0.0191017905189489,0,0,0,0,0,0,0,0.0246202320396502,0,0,0,0,0,0,0.128458208309632,0.057095415121631,0,0,0,0,0,0,0,0,0,0,0.032705171219192,0,0,0.0520339822035964,0,0.0255714821860072,0.0191017905189489,0,0,0,0,0,0,0.021258836398023,0,0,0,0,0,0,0.0307507970485172,0.186965952350967,0,0,0,0
28.txt,0,0,0.00640239152221767,0,0,0.0218765038384671,0,0,0,0,0,0,0,0,0,0,0,0,0,0,0,0,0,0,0,0,0,0,0,0.0226649324181064,0,0,0.154843076962629,0,0,0,0,0,0,0,0,0,0,0,0,0,0.054446442344915,0,0,0,0,0.0243238603106216,0,0,0,0,0,0,0,0.057657193643955,0,0,0,0,0.0516143589875432,0,0,0,0,0,0,0,0,0.065747640763459,0,0,0,0.0540976783640059,0,0,0,0,0,0,0,0,0,0,0,0,0,0,0,0,0.097242922290377,0.0234800924261222,0,0.0261057803758968,0,0,0,0,0,0,0,0,0.031241151965269,0,0,0,0,0,0,0,0,0,0,0,0,0,0,0,0,0,0,0.0780304006662291,0,0,0,0,0,0,0.039331599084773,0,0,0,0,0,0,0,0,0,0.00898110143552837,0,0.054446442344915,0,0,0,0,0,0,0,0,0,0,0,0,0,0,0,0,0,0,0,0.0290537430772981,0.079546137996937,0,0,0.0189583920624989,0,0,0,0,0,0.0134559153676267,0,0,0,0,0,0,0,0,0,0,0,0,0,0,0,0.10889288468983,0,0,0,0.0516143589875432,0.054446442344915,0,0,0,0,0,0,0,0,0,0.0234800924261222,0,0,0.0877797756782484,0,0,0,0,0,0,0,0.24594316186373,0,0,0.0290537430772981,0,0,0,0,0,0,0,0,0,0,0,0.0602451640685868,0,0.054446442344915,0,0,0,0.0261057803758968,0,0,0,0,0,0,0,0.0336476504541886,0,0,0,0,0,0,0,0,0,0,0,0,0,0,0,0,0.122727467999125,0,0,0,0,0.0711131090115817,0,0,0.0261057803758968,0,0,0,0,0,0,0.0290537430772981,0,0,0,0,0,0,0.0420260892996402,0.0196553949907427,0,0,0,0
29.txt,0,0,0,0,0,0.0252421198136159,0,0,0,0,0,0,0,0,0,0,0.101284356551825,0.0900350776918028,0,0,0.360140310767211,0,0,0,0,0.0628228180902866,0,0,0.270105233075408,0.0261518450978151,0,0,0,0,0,0,0,0,0,0,0,0,0,0,0,0,0,0,0,0,0,0,0,0,0,0,0,0,0,0,0,0,0.101284356551825,0,0.0595550296010113,0,0,0,0,0,0,0,0,0,0,0,0,0.0312101990561572,0,0,0,0,0,0,0,0,0,0,0,0,0,0,0,0,0,0.0270924143378333,0,0.030122054279881,0,0,0,0,0,0,0,0,0.0360474830368489,0,0,0,0,0,0,0,0,0,0,0,0,0,0,0,0,0,0,0,0,0,0,0,0,0,0,0,0,0,0,0,0,0,0,0,0.0103628093486866,0,0,0,0,0,0,0,0,0,0,0,0,0,0,0,0,0,0,0,0,0,0,0.0786720046123552,0,0,0,0,0,0,0,0,0,0,0,0,0,0,0,0,0,0,0,0,0,0,0,0,0,0,0,0,0.0595550296010113,0.0628228180902866,0,0,0,0,0,0,0,0,0,0,0,0,0,0,0,0,0,0,0,0,0.0472967618968711,0,0.18846845427086,0.0335235497045748,0.0970283099984853,0,0,0,0,0,0,0,0,0,0,0,0,0.0628228180902866,0,0,0.270105233075408,0.0602441085597619,0,0,0,0,0,0,0,0.0776484241250506,0,0,0,0,0,0,0,0,0,0,0,0,0,0,0,0,0,0,0.36101477461185,0,0,0,0,0,0,0,0,0,0,0,0,0,0,0,0,0,0,0,0.0323277609997232,0,0,0,0,0
3.txt,0,0,0,0,0,0.0182304198653893,0,0,0,0.0860239316459052,0,0,0.208274346435127,0.130050667777048,0,0,0,0,0,0,0,0,0,0,0,0,0,0,0,0.0188874436817553,0,0,0,0,0,0.0520685866087817,0,0,0,0,0,0,0,0,0,0,0,0,0,0,0,0.0405397671843694,0,0,0,0,0,0,0.0395665382787369,0,0,0,0,0,0,0,0,0,0.112158834847295,0,0,0,0,0,0,0,0,0,0,0,0,0,0,0,0.204545779998541,0,0.0511364449996353,0,0,0,0,0,0,0,0,0.0587002310653054,0,0.021754816979914,0,0,0.0480476613699625,0,0,0,0,0,0,0,0,0,0,0,0,0,0,0,0,0,0,0,0,0,0,0,0,0,0,0,0,0,0,0,0.426092323418375,0,0,0,0,0,0,0,0,0,0.0149685023925473,0,0,0,0,0,0,0,0,0,0,0,0,0.0650253338885242,0,0,0.0260342933043908,0,0,0,0,0,0.0242114525644151,0.0662884483307808,0,0,0,0,0,0,0,0,0,0,0,0,0,0,0,0,0,0,0,0,0,0,0,0,0,0,0,0,0,0,0,0,0,0,0,0,0,0,0,0.0195667436884351,0,0,0,0,0,0,0,0.0547897006362158,0,0,0,0,0,0,0,0,0,0,0,0,0,0,0,0,0,0.0753064550857335,0,0,0,0,0,0,0,0,0,0,0,0,0,0,0,0,0,0,0.0364608397307785,0,0,0,0,0,0,0,0,0,0,0,0,0,0,0,0,0,0,0,0.021754816979914,0,0,0,0,0,0,0.0242114525644151,0,0,0,0,0,0,0.023347827388689,0,0,0,0,0
30.txt,0,0,0.0118197997333249,0,0,0.0201936958508927,0,0,0,0,0,0,0,0,0,0,0,0,0,0,0,0,0,0,0,0.0502582544722293,0,0,0,0.020921476078252,0,0,0,0,0,0,0,0.08102748524146,0,0,0,0,0,0,0,0,0,0,0,0,0,0,0,0,0,0,0,0,0,0.0532220249021123,0,0,0.08102748524146,0,0.0476440236808091,0,0,0,0,0,0,0,0,0,0,0,0,0.0249681592449258,0,0,0,0,0,0,0,0,0.0566434467688269,0,0,0,0,0,0,0,0,0.0216739314702666,0,0.0240976434239048,0,0,0,0,0,0.0322594082961937,0,0,0.0288379864294791,0,0,0,0,0,0,0,0,0,0,0,0.0431900757239631,0,0,0,0,0,0,0,0,0,0,0,0,0,0,0,0,0,0,0,0,0,0,0,0.00829024747894926,0,0,0,0,0,0,0,0,0,0,0,0,0,0,0,0,0,0,0,0,0,0.0268188397636598,0.0839168049198456,0,0,0,0,0,0,0,0,0.0124208449547324,0,0,0,0,0,0,0,0,0,0.393857219141068,0,0,0,0,0,0,0,0,0,0.0476440236808091,0.0502582544722293,0,0,0,0,0,0,0,0,0,0.0216739314702666,0,0,0,0,0,0,0,0,0,0,0.0378374095174969,0,0,0.0268188397636598,0.155245295997576,0,0,0,0,0,0,0,0,0,0,0.0556109206786955,0,0.0502582544722293,0,0,0,0.0240976434239048,0,0,0,0,0,0,0,0.0310593696500202,0,0,0,0,0,0,0,0,0,0,0.08102748524146,0,0,0,0,0,0,0,0,0,0,0.0656428698568446,0,0.096778224888581,0.0240976434239048,0,0,0,0,0,0,0.0268188397636598,0,0,0,0,0,0,0.0646555219994464,0.0725737661196654,0,0,0,0
4.txt,0,0,0,0,0,0.0125008593362669,0.0294939194214532,0.0589878388429065,0.0350649908568928,0.0294939194214532,0,0,0.124964607861076,0,0,0,0,0,0,0,0,0,0,0.105194972570678,0,0,0,0,0,0.0129513899532036,0,0,0,0,0.0501598718161419,0,0.0658939355930914,0,0,0,0,0,0,0,0,0,0.0311122527685229,0,0,0,0,0.0138993487489266,0,0,0.0751401608725246,0,0,0,0.0678283513349775,0,0,0,0,0,0,0.0375700804362623,0,0,0,0,0,0,0,0,0,0,0,0.0154564795325731,0,0.151119102712993,0,0,0,0,0,0,0,0.0280462709124528,0,0,0,0,0,0,0,0.0268343913441396,0,0.0149175887862268,0.0267367135434058,0,0.0329469677965457,0,0,0.0199701098976437,0,0,0,0,0,0,0,0,0,0,0,0,0.0350649908568928,0,0,0,0,0,0,0,0.0267367135434058,0,0.133683567717029,0.0998505494882185,0,0.0488827966200726,0,0.0350649908568928,0,0,0,0,0,0,0,0,0,0,0.00513205796315907,0,0,0,0,0,0,0,0.0185224613886432,0,0,0.0234231582727362,0,0,0.0350649908568928,0.0311122527685229,0.0178520868372966,0,0,0,0,0,0.0166021389013132,0.0649356228546424,0.0329469677965457,0,0.0108333668928565,0,0,0,0,0,0,0,0,0,0,0,0.0501598718161419,0,0,0,0,0,0,0,0,0,0,0,0,0,0,0,0,0,0,0,0,0.0589878388429065,0,0,0,0.0134171956720698,0,0,0,0,0,0,0,0,0,0,0,0,0,0,0,0.0350649908568928,0,0,0,0,0,0,0.0234231582727362,0,0,0,0,0,0,0,0,0.0149175887862268,0,0,0.0350649908568928,0,0.0501598718161419,0,0,0,0,0,0.0311122527685229,0,0.0250017186725338,0,0,0,0.0375700804362623,0,0,0,0.0329469677965457,0,0.0329469677965457,0,0,0,0,0,0,0,0,0,0.0149175887862268,0,0.0267367135434058,0,0,0,0,0.0166021389013132,0,0,0,0,0.0207554638042339,0,0.00800496939040765,0,0,0,0,0.0350649908568928
5.txt,0,0,0,0,0,0.0115139493886669,0.0271654520987069,0.0543309041974138,0.0322967021050329,0.0271654520987069,0,0,0.164427115606679,0,0,0,0,0,0,0,0,0,0,0.0968901063150986,0,0,0,0,0,0.0119289117990034,0,0,0,0,0.0461998819359202,0.0986562693640074,0.0303458913915552,0,0,0,0,0,0,0,0,0,0.0286560222867974,0,0,0,0,0.0256040634848649,0,0,0.0692080429089042,0,0,0,0.049978785194194,0,0,0,0,0.0410686319295943,0,0,0,0,0,0,0,0,0,0,0,0,0,0.0142362311484226,0,0.238609109546832,0,0,0,0,0,0,0,0.0258320916298907,0,0,0,0,0,0,0,0.0247158867643391,0,0.0137398844083667,0.0246259203689264,0,0.0303458913915552,0,0,0.0183935222741455,0,0,0,0,0,0,0,0,0,0,0,0,0.0322967021050329,0,0,0,0,0,0,0,0.0246259203689264,0,0,0.036787044548291,0,0.0450236284658563,0,0.0322967021050329,0,0,0,0,0,0,0,0,0,0,0.00472689549238335,0,0,0,0,0,0,0,0.0170601618053293,0,0.0322967021050329,0.0215739615669938,0,0,0.0322967021050329,0.0286560222867974,0.0164427115606679,0,0,0,0,0,0.0152914437248938,0.0478473010507891,0.0303458913915552,0,0.00997810108552575,0,0,0,0,0,0,0,0,0,0,0.0346040214544521,0,0,0,0,0,0,0,0,0,0,0,0,0,0,0,0,0,0,0,0,0,0.0543309041974138,0,0,0,0.0123579433821696,0,0,0,0,0,0,0,0.0346040214544521,0.0322967021050329,0,0,0,0,0,0,0.0322967021050329,0,0,0,0,0,0,0.0215739615669938,0,0,0.0317079810887299,0,0,0,0,0,0.0137398844083667,0,0,0.0322967021050329,0,0.0461998819359202,0,0,0,0,0,0,0,0.0230278987773338,0,0,0,0.0346040214544521,0,0,0,0.0303458913915552,0,0.0303458913915552,0,0,0,0,0,0,0,0,0,0.0137398844083667,0,0.0246259203689264,0,0.0258320916298907,0,0.0346040214544521,0.0152914437248938,0,0,0,0,0.0191168745565312,0,0.0147459962454878,0,0,0,0,0.0322967021050329
6.txt,0,0,0,0,0,0.0182304198653893,0,0,0,0,0,0,0.208274346435127,0,0,0,0,0,0,0,0,0,0,0,0,0,0,0,0,0.0188874436817553,0,0,0,0,0,0.0260342933043908,0,0,0,0,0,0,0,0,0,0,0,0,0,0,0,0.0405397671843694,0,0,0,0,0,0,0.0296749037090527,0,0,0,0,0,0,0,0,0,0.252357378406414,0,0,0.0356437058688029,0,0,0,0,0,0,0,0.314831463985403,0,0,0,0,0,0,0,0,0,0,0,0,0,0,0.027011922858438,0.0587002310653054,0,0.021754816979914,0,0,0.0480476613699625,0,0,0,0,0,0,0,0,0,0,0,0,0,0,0,0,0,0,0,0,0,0,0,0,0,0,0,0,0,0,0,0.0655526651412884,0,0,0,0,0,0,0,0,0,0.0149685023925473,0,0.0453720352874292,0,0,0,0,0,0,0,0,0.0341587724810736,0,0,0,0,0.0260342933043908,0,0,0,0,0,0.0242114525644151,0.0662884483307808,0,0,0.0157986600520824,0,0,0,0,0,0,0,0,0,0,0,0,0,0,0,0,0,0,0,0,0,0,0,0,0,0,0,0,0.0592609241763181,0,0,0,0,0,0,0,0.0195667436884351,0,0,0,0.0480476613699625,0,0,0,0.0547897006362158,0,0,0,0,0,0,0,0,0,0,0,0,0,0,0,0,0,0.0753064550857335,0,0,0,0,0,0.021754816979914,0,0,0,0,0,0,0,0,0,0,0,0,0.0364608397307785,0,0,0,0,0,0,0,0,0,0,0,0,0,0,0,0,0,0,0,0.021754816979914,0,0,0,0,0,0,0.0242114525644151,0,0,0,0,0,0,0.023347827388689,0,0,0,0,0
7.txt,0,0,0.0078396630884298,0,0,0,0,0,0,0,0,0,0,0,0,0,0,0,0,0.0955474293872193,0,0,0,0,0,0,0,0,0,0.0277529784711507,0,0,0,0,0,0,0,0,0,0,0,0,0,0,0,0,0,0,0,0,0,0.0297843187476999,0,0,0,0,0,0,0.0290692934292761,0,0,0,0,0,0,0,0,0,0,0,0,0,0,0,0,0,0,0,0,0,0,0,0,0,0,0,0.0751392661219132,0,0,0,0,0,0,0,0,0.0575022671660134,0.0870772763407123,0.0319662616847716,0.0572929575930123,0,0,0,0,0.0427930926378079,0.0870772763407123,0,0,0,0,0,0,0,0,0,0,0,0,0,0,0,0.0955474293872193,0,0,0,0,0,0,0.0855861852756159,0,0,0,0,0,0,0,0,0,0.0870772763407123,0.126402511806228,0,0.0870772763407123,0,0.0219945341278246,0,0,0,0,0,0,0,0.0396909886899498,0,0,0,0,0,0,0,0,0,0,0,0,0,0,0.125232986933953,0,0,0,0,0,0,0.214970879212037,0,0,0,0,0,0.0706006452783122,0,0,0,0,0,0,0,0,0,0,0,0,0,0,0,0,0,0,0,0,0,0,0,0,0,0,0.0575022671660134,0,0,0,0,0,0,0,0,0,0,0,0,0,0,0,0,0,0,0,0,0,0,0,0,0,0,0,0,0,0,0,0,0,0,0,0,0,0,0,0,0,0,0,0,0.026787555720572,0,0,0,0,0,0,0,0,0,0,0,0,0,0,0,0,0,0,0,0,0,0.0572929575930123,0,0,0,0.080507315220562,0,0.2313047490505,0,0,0,0.0444759938662155,0,0.0343070116731757,0,0,0,0,0
8.txt,0,0,0,0,0.0328214349284223,0.0100968479254464,0,0,0,0,0,0,0,0,0,0,0,0,0,0,0,0.04051374262073,0.0360140310767211,0,0.0360140310767211,0,0,0,0,0.010460738039126,0,0,0.0238220118404045,0,0,0.0144189932147395,0,0,0,0,0,0,0,0.0378374095174969,0,0,0,0,0.0360140310767211,0.0238220118404045,0,0.0112263970664407,0,0,0,0,0,0,0.0493059938550414,0,0,0,0,0,0,0,0,0,0,0,0,0,0,0.0606901299355006,0,0.0360140310767211,0,0,0,0.0174368195438069,0,0,0,0,0,0,0,0.0226527572754426,0,0,0,0,0.0303450649677503,0,0.0748022479156746,0.0108369657351333,0,0.0120488217119524,0.0215950378619816,0,0,0,0.0431900757239631,0.0161297041480968,0,0,0,0,0,0,0,0,0,0,0.04051374262073,0.0606901299355006,0,0.0328214349284223,0,0,0,0.0360140310767211,0,0,0.0215950378619816,0.0360140310767211,0.0863801514479263,0.0645188165923874,0.0656428698568446,0.0197411294042601,0,0,0.0181530457314337,0,0,0,0,0,0,0,0,0,0.00414512373947463,0,0.0502582544722293,0,0.0328214349284223,0,0,0,0.0149604495831349,0,0,0,0,0,0,0,0.0144189932147395,0,0,0.0328214349284223,0,0,0.0134094198818299,0.0576928033823938,0,0,0.0175000542115375,0,0,0,0,0,0.0186312674320986,0,0,0,0,0,0,0,0,0,0,0,0,0,0,0,0.0502582544722293,0.0360140310767211,0,0,0,0,0,0,0,0,0,0,0,0.0303450649677503,0.0303450649677503,0.0108369657351333,0.0825176627684229,0.0360140310767211,0,0,0.131285739713689,0,0,0,0,0,0,0,0,0.0134094198818299,0,0,0,0,0,0,0,0,0.0189187047587484,0,0,0,0,0,0,0,0,0.0120488217119524,0.0155296848250101,0,0,0,0,0,0,0,0,0,0.0502582544722293,0.04051374262073,0.0100968479254464,0,0,0,0,0.0328214349284223,0,0,0,0,0,0,0.0566434467688269,0.0328214349284223,0.0206294156921057,0,0,0,0,0,0.0120488217119524,0,0.0215950378619816,0,0,0,0.0303450649677503,0.0134094198818299,0,0,0.0606901299355006,0,0.0167640284572659,0,0.00646555219994464,0.108860649179498,0,0,0,0
9.txt,0,0,0,0,0.0257035333776801,0.00790717006209654,0,0,0,0,0,0,0,0,0,0,0,0,0,0,0,0.0317276297632223,0.0282037592769503,0,0.0282037592769503,0,0,0,0,0.00819214424750833,0,0,0.0186557924051361,0,0,0.124211809018539,0,0,0,0.0221796628914081,0,0,0,0.0296317062486421,0,0,0,0,0.0282037592769503,0.0186557924051361,0,0.0175835134775578,0,0,0,0,0,0,0.0600648653388054,0,0,0,0,0,0,0,0,0,0.0364854041069515,0,0,0,0,0.0475284150097294,0,0.0282037592769503,0,0,0,0.0136553406065958,0,0,0.0309198412355881,0,0,0,0,0.0177401111193225,0,0,0,0,0.0237642075048647,0,0.128876162071584,0.00848678039498391,0,0.00943582423225186,0.0169117766389012,0,0,0,0.0338235532778025,0.0126316960195939,0,0,0,0,0,0,0,0,0,0,0.0317276297632223,0,0,0.0257035333776801,0,0,0,0.0282037592769503,0,0,0.0169117766389012,0.0282037592769503,0.0338235532778025,0.0378950880587817,0.0514070667553603,0.015459920617794,0,0,0.0142162406330505,0,0,0,0,0,0,0,0,0,0.00324618124175724,0,0.0393588739842759,0,0.0257035333776801,0,0,0,0.0117160147337804,0,0.0221796628914081,0.0148158531243211,0,0,0,0,0.011291982638049,0,0,0.0257035333776801,0,0,0.0105013529195054,0.0575032322869424,0,0,0,0,0,0,0,0,0.0145907516034507,0,0,0,0,0,0,0,0,0,0,0,0,0,0,0,0.0393588739842759,0.0282037592769503,0,0,0,0,0,0,0,0,0,0,0,0.0237642075048647,0.0237642075048647,0.00848678039498391,0.0323111330117319,0.0282037592769503,0,0.0208399495098632,0.0257035333776801,0,0,0,0.0221796628914081,0,0,0,0,0.0105013529195054,0,0,0,0,0.0169117766389012,0,0,0,0.0148158531243211,0,0,0.0217753605067181,0,0,0,0,0,0.00943582423225186,0.0121618013689838,0,0,0,0,0,0,0,0.0787177479685518,0,0,0.0317276297632223,0.00790717006209654,0,0,0,0,0.0257035333776801,0,0,0,0,0,0,0.0443593257828162,0.0257035333776801,0.0161555665058659,0,0,0,0,0,0.00943582423225186,0,0.0169117766389012,0,0.035480222238645,0,0,0.0105013529195054,0,0,0.0475284150097294,0,0.0131284560207504,0,0.0101267685059374,0.127878473433748,0,0,0,0
114.txt,0,0,0.0243128791982949,0,0,0,0,0,0,0,0,0,0,0,0.0413517283632266,0,0,0,0.0090151606204717,0,0,0,0,0,0,0,0,0.0686337312173774,0,0,0,0.111830067562312,0,0,0,0,0,0,0,0,0,0,0,0,0,0,0,0,0,0,0,0.0184738179574341,0,0,0,0,0,0,0.0090151606204717,0,0,0,0,0,0,0,0,0,0.0255551775601432,0,0.0540909637228302,0,0,0,0,0,0,0.0205434221635465,0,0,0,0,0,0,0,0,0,0,0.118527190885411,0,0,0.0666681840594291,0,0.0784015579557617,0,0,0,0,0,0,0,0,0,0,0,0,0.0474549143776238,0,0,0,0.0369476359148683,0.0540099562113279,0,0,0,0,0,0,0.106608414761681,0,0,0,0.0413517283632266,0,0.0355361382538937,0,0,0.0796276533893388,0,0,0,0,0,0,0,0,0,0,0.117602336933643,0.0592635954427056,0,0.0356659631789197,0.0204632690936089,0,0,0,0,0,0,0,0.0246184613393359,0.0090151606204717,0,0,0,0,0,0,0,0,0.0666681840594291,0,0,0,0,0,0,0,0,0.172161003090752,0,0,0,0,0.0408787302307648,0,0,0,0,0,0,0,0,0.177790786328117,0,0,0,0,0,0,0,0,0,0,0,0,0.0355361382538937,0,0.0499349170355385,0,0,0,0,0,0,0,0,0,0,0,0,0,0,0,0,0,0,0,0,0,0,0,0,0,0,0,0,0,0,0,0,0,0,0,0,0,0,0,0,0,0,0.0360606424818868,0,0,0,0.0255551775601432,0,0,0,0,0.0166150662064307,0,0,0,0,0,0,0,0,0,0,0,0,0,0,0,0,0,0,0.0265425511297796,0,0,0,0,0,0,0,0,0.0573870010302507,0,0,0,0,0.0090151606204717,0.0106395162783899,0,0,0,0,0
115.txt,0.0468182403997374,0,0.0499386538732978,0.0468182403997374,0,0,0,0,0,0,0,0,0.0187446911791614,0,0,0.052667865406949,0,0,0.00712197689017264,0,0,0,0,0,0,0,0.0368182403997375,0.0722941968823042,0,0,0,0,0,0.0788971689161508,0,0,0,0,0.052667865406949,0,0,0,0.052667865406949,0.0983772647454919,0.042667865406949,0,0,0,0,0,0,0,0,0,0,0,0,0,0.0142439537803453,0,0,0.024594316186373,0,0,0,0,0,0,0,0,0.0498538382312085,0.0769904046766143,0,0,0,0,0,0.0162293035092018,0,0,0,0.042667865406949,0,0,0,0,0.0368182403997375,0,0,0,0,0,0,0.123874461570104,0,0,0,0,0,0,0,0,0.0842206476617281,0.0419372307850518,0,0,0.0749787647166456,0,0,0,0.014594316186373,0.042667865406949,0,0,0,0,0,0,0,0.052667865406949,0,0,0,0,0,0,0,0,0,0,0,0,0,0,0.0468182403997374,0,0,0,0,0,0.042667865406949,0.0563522218226932,0.00538866086131702,0,0,0,0,0,0,0,0,0.00712197689017264,0,0,0,0,0,0,0,0,0,0,0,0,0,0,0,0,0,0,0,0,0,0,0.0403677461028802,0,0.028073549220576,0,0,0.0394485844580754,0,0,0,0,0,0,0,0,0,0.0268182403997375,0,0,0,0.0309686153925259,0,0,0.028073549220576,0,0,0,0,0,0,0,0,0,0,0,0,0,0,0,0,0,0,0,0,0,0,0,0.0672729615989498,0,0,0,0,0,0,0,0,0,0,0,0,0,0,0,0,0,0.0201885902725132,0,0,0.0356098844508632,0,0,0,0,0,0,0,0,0.0131259023030803,0,0,0,0,0,0,0.014594316186373,0,0,0,0,0,0,0,0,0.042667865406949,0,0,0,0,0,0,0,0,0.0394485844580754,0,0,0.022667865406949,0,0,0,0,0.00712197689017264,0.0168104357198561,0,0,0,0,0
116.txt,0,0,0.0288107618499795,0,0,0,0,0,0,0,0,0,0.281170367687421,0,0,0,0,0,0.0178049422254316,0,0,0,0,0,0,0,0,0.0451838730514401,0,0,0,0,0,0,0,0,0,0,0,0,0,0,0,0,0,0,0,0,0,0,0,0,0,0,0,0,0,0,0.0712197689017264,0,0,0.0614857904659324,0,0,0,0,0,0,0,0,0.0712197689017264,0,0,0,0,0,0,0,0,0,0,0,0,0,0,0,0,0,0,0,0,0,0,0,0,0,0,0,0,0,0,0,0,0,0,0,0,0,0,0,0.0729715809318649,0,0,0,0,0,0,0,0,0,0,0,0,0,0,0,0,0,0,0,0,0,0,0,0,0,0,0.106669663517373,0,0,0,0.0352201386391832,0.0269433043065851,0,0,0,0,0,0,0,0,0.0178049422254316,0,0,0,0,0,0,0,0,0,0,0,0,0,0,0,0,0,0.113339327034745,0,0,0,0,0.0807354922057604,0,0,0,0,0,0,0,0,0,0,0,0,0,0,0,0,0,0,0.0774215384813147,0,0,0,0,0,0,0,0,0,0,0,0,0,0,0,0,0,0,0,0,0,0,0,0,0,0,0,0,0,0,0,0,0,0.106669663517373,0,0,0,0,0,0,0,0,0,0,0,0,0,0.0356098844508632,0,0,0,0,0,0,0,0,0,0,0,0,0,0,0,0,0,0,0,0,0,0,0,0,0,0,0,0,0,0,0,0,0,0,0,0,0,0,0,0,0,0.0178049422254316,0.0210130446498201,0,0,0.0670456009993436,0,0
117.txt,0,0,0.0202180784912137,0,0,0,0,0,0,0,0,0,0,0,0,0,0,0,0.0124946962985485,0,0,0,0,0,0,0,0,0.0317079810887299,0,0,0,0,0,0,0,0,0,0,0,0,0,0,0,0,0,0,0,0,0,0,0,0,0,0,0,0,0,0.138416085817808,0,0,0,0,0,0,0,0,0,0,0,0,0.049978785194194,0,0,0,0,0,0,0.0854173868905356,0,0,0,0,0,0.0985036814757054,0,0,0,0,0,0,0,0,0,0,0,0,0,0,0,0,0,0,0,0,0,0,0,0,0.182075348349331,0,0.0512081269697297,0,0,0,0,0,0,0,0,0,0,0,0,0,0,0,0,0,0,0,0,0,0,0,0,0,0,0,0,0,0,0,0.0189075819695334,0,0,0,0,0,0.0692080429089042,0,0,0.0124946962985485,0,0,0,0,0,0,0,0,0,0,0,0,0,0,0,0,0,0.0795363698489439,0.0692080429089042,0.0692080429089042,0,0,0.0849847286376425,0,0,0,0,0,0,0,0,0,0,0,0,0,0,0.141148633682829,0,0,0,0.0543309041974138,0,0,0,0,0,0,0,0,0,0,0,0,0,0,0,0,0,0,0,0,0,0,0,0,0,0,0.177034109470921,0,0,0,0,0,0,0.0748559042227176,0,0,0.184799527743681,0,0,0,0,0,0,0,0.0708371588509234,0,0,0.024989392597097,0,0,0,0.0354185794254617,0,0,0,0,0,0,0,0,0,0,0,0,0,0,0,0,0,0,0,0,0,0,0,0.036787044548291,0,0,0,0,0,0,0,0,0,0,0,0,0,0.0124946962985485,0,0.0206898894639397,0,0.0470495445609429,0,0
118.txt,0,0,0.0220772121455782,0,0,0,0,0,0,0,0,0,0.0430912440900262,0,0,0,0,0,0.00818618033353177,0,0,0,0,0,0,0,0,0.0415483890128185,0,0,0,0,0,0.13602960157957,0,0,0,0,0,0,0,0,0,0.056538657899708,0.14713057036879,0,0,0,0,0,0,0,0,0,0,0,0,0,0.0163723606670635,0,0,0.084807986849562,0,0,0.0355961096465815,0,0,0,0,0,0.0491170820011906,0.0884947180190969,0.107628138849971,0,0,0,0,0.0186543718496572,0,0,0,0,0,0.0645368947599449,0,0,0,0,0,0,0,0,0,0.0355961096465815,0,0,0,0,0,0,0,0,0.0645368947599449,0.0241018567730183,0,0,0.0215456220450131,0,0.0397635818234172,0,0.0503252282288723,0,0,0,0,0,0,0,0,0,0,0,0.0375492705827,0,0,0,0,0,0,0,0,0,0,0,0,0,0,0,0,0,0.0490435234562632,0.0161931671904291,0.0185815891769552,0,0,0,0,0,0,0,0,0.00818618033353177,0,0,0,0,0,0,0,0,0,0,0,0,0,0,0,0,0,0.130275088545684,0,0,0,0,0.0649595914299222,0,0.0322684473799725,0,0,0,0,0,0,0,0,0,0,0,0,0,0,0,0,0.0355961096465815,0,0,0,0,0,0,0,0,0,0,0,0,0,0,0,0,0,0,0,0,0,0,0,0,0,0,0,0,0,0,0,0,0,0.0490435234562632,0,0,0,0.0207741945064092,0,0,0,0,0,0,0,0,0,0.0327447213341271,0,0,0,0,0,0,0,0,0,0,0,0,0,0,0,0,0,0,0,0,0,0,0,0,0,0,0,0,0,0,0,0,0,0,0,0,0,0,0,0,0,0.00818618033353177,0.0289835098618208,0.0813326689272112,0.0355961096465815,0.0616511273557183,0,0
119.txt,0,0,0.0260436265310549,0,0,0,0,0,0,0,0,0,0,0,0,0,0,0,0.0120711472714791,0,0,0,0,0,0,0,0,0.0918994028164884,0,0,0,0,0.0524891786313998,0.06686200755606,0,0,0,0,0,0,0,0,0,0.0416852816718186,0.0723184159439814,0,0,0,0.158705899660127,0,0,0,0,0,0,0.0553692634016085,0,0,0.0362134418144372,0,0,0.0833705633436372,0,0,0,0,0,0,0,0,0.0603557363573953,0.0869948075441969,0.0793529498300635,0,0,0,0,0,0,0,0,0,0,0,0,0,0,0,0,0,0.0624037972876906,0,0,0,0.0659274049426284,0,0,0,0,0,0,0,0.0475822868145357,0.0355400260890269,0,0,0,0,0,0,0.0494722582588914,0,0,0,0,0,0,0,0,0,0,0,0,0,0,0,0,0,0,0,0,0,0,0,0,0,0,0,0,0,0,0,0.00913332349375766,0,0,0,0,0,0,0,0,0.0120711472714791,0,0,0,0,0,0,0,0,0,0,0,0,0,0,0,0,0,0.153680443436942,0,0,0,0,0.0273679634595798,0,0,0,0,0,0,0,0,0,0,0,0,0,0,0,0,0,0,0,0,0,0,0,0,0,0,0,0,0,0,0,0,0,0,0,0,0,0,0,0,0,0,0,0,0,0,0,0,0,0.0475822868145357,0,0,0.0723184159439814,0,0,0,0,0,0,0,0,0,0,0,0,0,0.0362134418144372,0,0,0,0,0,0,0,0,0,0,0,0,0,0,0,0,0,0,0,0,0,0,0,0,0,0,0,0,0,0,0,0,0,0,0,0,0,0,0,0,0,0.0120711472714791,0.0142461319659797,0.119931223672328,0.157467535894199,0,0,0
120.txt,0,0,0.0264926545746938,0,0,0,0,0,0,0,0,0,0,0,0.05632390587405,0,0,0,0.0122792705002977,0,0,0,0,0,0,0,0.0634797248271335,0.0623225835192277,0,0,0,0,0,0,0,0,0,0,0,0,0,0,0,0.042403993424781,0,0,0,0,0,0,0,0.0251626141144362,0,0,0,0,0,0,0.0122792705002977,0,0,0.042403993424781,0,0,0,0,0,0,0,0,0.0613963525014883,0,0,0,0,0,0,0,0,0,0,0.0735652851843948,0,0,0,0,0,0.0507734214794403,0.161442208274957,0,0,0.0908066644947397,0,0.106788328939744,0,0,0,0,0,0,0,0,0,0,0,0,0.0323184330675197,0,0,0,0.0251626141144362,0.0735652851843948,0,0,0,0,0,0,0,0,0,0,0.05632390587405,0,0,0,0,0,0,0,0,0,0,0,0.0807211041374784,0,0,0,0.213576657879489,0.0807211041374784,0,0.0485795015712872,0.00929079458847762,0,0,0,0,0,0,0,0.0335320421690955,0.0122792705002977,0,0,0,0,0,0,0,0,0,0,0,0,0,0.0470223475843962,0,0,0,0.0781650531274104,0,0,0,0,0.013919912449269,0,0,0,0,0,0,0,0,0,0,0,0,0,0,0,0,0,0,0,0,0,0,0,0.13602960157957,0,0,0,0,0,0,0,0,0,0,0,0,0,0,0,0,0,0,0,0,0,0,0,0,0,0,0,0,0,0,0,0,0,0,0,0,0,0,0,0,0,0,0.036837811500893,0,0,0,0.0348079142629537,0,0,0,0,0.0226308660397936,0,0,0,0,0,0,0,0,0,0,0,0,0,0,0,0,0,0,0,0,0,0,0,0,0,0,0,0.117247579691116,0,0,0,0,0.0122792705002977,0,0,0,0,0,0
121.txt,0.03869276066094,0,0.0539705731624961,0.03869276066094,0,0,0,0,0,0,0,0,0.0309829606267131,0,0,0.0435271614933463,0,0,0.00588593131419226,0,0,0,0,0,0,0,0.0304282978510227,0.0597472701506646,0,0,0,0,0,0.0326021359157648,0,0,0,0,0.0435271614933463,0,0,0,0.0435271614933463,0.0406517622915256,0,0,0,0,0,0,0,0,0,0,0,0,0,0,0.00588593131419226,0,0,0,0,0,0,0,0,0,0,0,0.0588593131419226,0,0,0,0,0,0,0.0134126475282659,0,0.0374675461271885,0,0.0352626986834289,0,0,0,0,0,0,0,0,0,0,0,0.179157279130315,0,0,0,0,0,0,0,0,0.0232012803475835,0.0346588684173982,0,0,0.108440362193496,0,0,0,0.0120614183358454,0.0352626986834289,0,0,0,0,0,0,0,0.0435271614933463,0,0,0,0,0,0,0,0,0,0,0,0,0.0390065445468824,0,0.03869276066094,0,0,0,0,0,0.0352626986834289,0.128073231415212,0.00445343872836117,0,0,0,0,0,0,0,0,0.00588593131419226,0,0,0,0,0,0,0,0,0,0,0,0,0,0.0338094565276237,0,0,0.0188017111363626,0,0,0,0,0,0.00667235472774879,0,0,0,0,0,0,0,0,0,0,0,0,0,0,0.0221638350411053,0,0,0.0435271614933463,0.0255938970186164,0,0,0.046402560695167,0,0,0,0,0,0,0,0,0,0,0,0,0,0,0,0,0,0,0,0.0203258811457628,0,0,0,0.0555974889247519,0,0,0,0,0,0,0,0,0,0,0,0,0,0,0,0,0,0,0,0,0.0412015191993459,0,0,0,0.0166847853491844,0,0,0,0,0,0,0,0,0,0,0,0.0120614183358454,0,0,0,0,0,0,0,0,0.0352626986834289,0,0,0,0,0,0,0,0,0.0326021359157648,0,0,0.0187337730635942,0,0,0,0,0.00588593131419226,0.00694646104126284,0.0194929537098275,0.0255938970186164,0,0,0
122.txt,0,0,0.0139688542302931,0,0,0,0,0,0,0.0563065734409562,0,0,0.170406283446922,0,0,0,0,0,0.012949048891223,0,0,0,0,0,0,0,0,0.0985829957485966,0,0,0,0,0.0563065734409562,0,0,0.0340812566893844,0,0,0,0,0,0.0775779371035436,0,0,0,0,0,0,0,0,0,0,0,0,0,0,0,0,0.012949048891223,0,0,0.0447169385206781,0,0,0,0,0.0775779371035436,0,0.0367065277682057,0,0.0388471466736689,0,0,0,0,0,0,0.029507824562185,0,0.123642902219722,0,0,0,0,0,0.0717246990146825,0,0,0,0,0,0,0,0,0.0353610626510462,0,0,0,0,0,0,0,0,0,0,0,0,0,0,0,0.0796053610165798,0,0,0,0,0,0,0,0,0,0,0,0,0,0,0,0.0510428167646837,0,0,0,0,0,0.128721597004712,0.0851240734540681,0,0,0,0,0,0,0,0,0,0,0,0,0,0,0,0,0.0353610626510462,0.012949048891223,0,0,0.0851240734540681,0,0,0,0.0340812566893844,0.0669422552722499,0,0,0,0,0,0.0247936014535907,0,0,0,0.0824286014798146,0,0,0,0,0,0,0,0,0,0,0,0,0,0,0,0,0,0,0,0,0,0,0,0,0,0,0.153128450294051,0,0,0,0,0,0,0,0,0,0,0,0,0,0,0,0,0,0,0,0,0,0,0,0,0,0,0,0,0,0,0,0,0,0,0,0,0,0,0,0,0,0,0,0,0.012949048891223,0,0,0,0.110119583304617,0,0,0,0,0.0238652769146914,0.0669422552722499,0,0,0,0,0,0,0,0,0,0,0,0,0,0,0,0,0,0,0,0,0,0,0,0,0,0,0,0,0,0,0,0.012949048891223,0,0,0,0,0,0
123.txt,0,0,0.0307314793066448,0,0,0,0,0,0,0,0,0,0.149957529433291,0,0,0,0,0,0.0142439537803453,0,0,0,0,0,0,0,0,0,0,0,0,0,0,0,0,0,0,0,0,0,0,0,0,0,0,0,0,0,0,0,0,0,0,0,0,0,0,0,0,0,0,0.0983772647454919,0,0,0,0,0,0,0,0,0.0712197689017264,0.0513269364510762,0,0,0,0,0,0,0,0,0,0,0,0.112294196882304,0,0,0,0,0,0,0,0,0,0,0,0,0,0,0,0,0,0,0,0,0,0,0,0.105335730813898,0.0691886323727459,0,0.0583772647454919,0,0,0,0,0,0,0,0,0,0,0,0.065335730813898,0,0,0,0,0,0,0,0,0,0.235989594508638,0.280909442398425,0,0,0,0,0,0,0,0.0281761109113466,0.0215546434452681,0,0,0,0,0,0,0,0,0.0142439537803453,0,0,0,0,0,0,0,0,0,0,0,0,0,0,0,0.105335730813898,0,0.045335730813898,0,0,0,0,0,0,0,0,0,0,0,0,0,0,0,0,0,0,0,0,0,0,0,0,0,0,0,0,0,0,0,0,0,0,0,0,0,0,0,0.138377264745492,0,0,0,0,0,0,0,0,0,0,0,0,0,0.0561470984411521,0,0,0,0,0,0,0,0.0361470984411521,0,0,0,0,0,0,0,0,0,0.0427318613410358,0,0,0,0,0,0,0,0,0,0,0,0,0,0,0,0,0,0,0,0,0,0,0,0,0,0,0,0,0,0,0,0,0,0,0,0,0,0,0,0,0,0.0142439537803453,0.0336208714397121,0,0,0.10727296159895,0,0
124.txt,0,0,0.0301289012810243,0,0,0,0,0,0,0,0,0,0.147017185718913,0,0,0,0,0,0.013964660568966,0,0,0,0,0,0,0,0,0,0,0,0,0,0,0,0,0,0,0,0,0,0,0,0,0,0,0,0,0,0,0,0,0,0,0,0,0,0,0,0,0,0,0.0964482987700901,0,0,0,0,0,0,0,0,0.0698233028448298,0.0503205259324276,0,0,0,0,0,0,0,0.177787179662345,0,0,0,0.110092349884612,0,0,0,0,0,0,0,0,0,0,0,0,0,0,0,0,0,0,0,0,0,0,0,0.103270324327351,0.0678319925222999,0,0.0572326124955803,0,0,0,0,0,0,0,0,0,0,0,0.0640546380528412,0,0,0,0,0,0,0,0,0,0,0,0,0,0,0,0,0,0,0.027623638148379,0.0211320033777138,0,0,0.103270324327351,0,0.309810972982053,0,0,0,0.013964660568966,0,0,0,0,0,0,0,0,0,0,0,0,0,0,0,0.103270324327351,0,0.0444467949155863,0,0,0,0,0,0,0,0,0,0,0,0,0,0,0,0,0,0,0,0,0,0,0,0.0607227752794625,0,0,0,0,0,0,0,0,0,0,0,0,0,0,0,0.1356639850446,0,0,0,0,0,0,0,0,0,0,0,0,0,0.055046174942306,0,0,0,0,0,0,0,0.0354383318050511,0,0,0,0,0,0,0,0,0,0.0418939817068979,0,0,0,0,0,0,0,0,0,0,0,0,0,0,0,0,0,0,0,0,0,0,0,0,0,0,0,0,0,0,0,0,0,0,0,0,0,0,0,0,0,0.013964660568966,0.0329616386663844,0,0,0.105169570195049,0,0
125.txt,0,0,0.0156793261768596,0,0,0.026787555720572,0,0,0,0,0,0,0,0,0,0,0,0,0.014534646714638,0,0,0,0,0,0,0,0,0.0737695886554124,0,0,0,0,0,0,0,0,0,0,0,0,0,0.0870772763407123,0,0,0,0,0,0,0,0,0.107485439606018,0,0,0,0,0,0,0,0,0,0,0,0,0,0,0,0.0870772763407123,0,0,0,0.0436039401439141,0,0,0,0,0,0,0,0,0,0,0,0,0,0,0,0,0,0,0,0.0751392661219132,0,0,0,0.0396909886899498,0,0,0,0,0,0,0,0,0,0,0,0,0,0.141201290556624,0,0.1489215937385,0,0,0,0,0.080507315220562,0,0,0,0,0,0,0,0,0,0,0,0,0,0,0,0,0,0,0,0,0,0,0,0,0,0,0.0109972670639123,0,0,0,0,0,0,0,0,0.014534646714638,0,0,0,0,0,0,0,0,0,0,0,0,0,0.0139147763259948,0,0,0.0464287152550994,0,0,0,0,0,0,0,0,0,0,0,0,0,0,0,0,0,0,0,0,0.054731102856607,0,0,0,0.0632012559031141,0,0,0,0,0,0,0,0,0,0,0,0,0,0,0,0,0,0,0,0,0,0,0.100384964026012,0.0870772763407123,0,0,0.0343229395913009,0,0.282402581113249,0,0,0,0.214970879212037,0,0,0,0.214970879212037,0,0,0,0,0,0,0,0,0,0,0.014534646714638,0,0,0,0.041201204637782,0,0,0,0,0,0,0,0,0,0,0,0,0,0,0,0,0,0,0,0,0,0,0,0,0,0,0,0,0,0.080507315220562,0,0,0,0,0,0,0,0.014534646714638,0.0171535058365878,0.0481356612018188,0,0.054731102856607,0,0
126.txt,0,0,0.0232814237171552,0,0,0,0,0,0,0,0,0,0,0,0,0,0,0,0.0215817481520383,0,0,0,0,0,0,0,0,0,0,0,0,0,0,0,0,0,0,0,0,0,0,0,0,0,0,0,0,0.129296561839239,0,0,0,0,0,0,0,0,0.129296561839239,0.239082330048942,0,0,0,0,0,0,0,0,0,0,0,0,0.0647452444561149,0,0,0,0,0,0,0,0,0,0,0,0,0,0,0,0,0,0,0,0,0,0,0,0,0,0,0,0,0,0,0,0,0,0,0,0.0568020944823073,0,0,0,0.0442252005647666,0,0,0,0,0,0,0,0,0,0,0,0,0,0,0,0,0,0,0,0,0,0,0,0,0,0,0,0,0,0,0.0426910771384039,0.0163292753373243,0,0,0,0,0,0,0,0,0.0215817481520383,0,0,0,0,0,0,0,0,0,0,0,0,0,0,0,0,0.034469803749998,0.137381002466358,0.119541165024471,0.119541165024471,0,0,0,0,0,0,0,0,0,0,0,0,0,0,0,0,0,0,0,0,0,0,0,0,0,0,0,0,0,0,0,0,0,0,0,0,0,0,0,0,0,0,0,0,0.223584692603391,0,0,0.0528249874132694,0,0,0.209662522341654,0,0,0,0,0,0,0,0,0,0,0,0,0,0,0,0.0611775462803429,0,0,0.0215817481520383,0,0,0,0,0,0,0,0,0,0,0,0,0,0,0,0,0,0,0,0,0,0,0,0,0,0,0,0,0,0,0,0,0,0,0,0,0,0,0,0,0,0.0215817481520383,0,0.142948327205401,0,0,0,0
127.txt,0,0,0.0225966759607682,0,0,0,0,0,0,0,0,0,0,0,0,0,0,0,0.0209469908534489,0,0,0,0,0,0,0,0,0,0,0,0,0,0,0,0,0,0,0,0,0,0,0,0,0,0,0,0,0.125493721785144,0,0,0,0,0,0,0,0,0.125493721785144,0.232050496812208,0,0,0,0,0,0,0,0,0,0,0,0,0.0628409725603468,0,0,0,0,0,0,0,0,0,0,0,0,0,0,0,0,0,0,0,0.216577884704338,0,0,0,0.114403437988679,0,0,0,0,0,0,0,0,0,0,0,0.0551314446445924,0,0,0,0.0429244593716852,0,0,0,0,0,0,0,0,0,0,0,0,0,0,0,0,0,0,0,0,0,0,0,0,0,0,0,0,0,0,0.0414354572225685,0.0158490025332854,0,0,0,0,0,0,0,0,0.0209469908534489,0,0,0,0,0,0,0,0,0,0,0,0,0,0,0,0,0.0334559859926451,0.133340384746759,0.116025248406104,0.116025248406104,0,0,0,0,0,0,0,0,0,0,0,0,0,0,0,0,0,0,0.0960819570792618,0,0,0,0,0,0,0,0,0,0,0,0,0,0,0,0,0,0,0,0,0,0,0,0,0,0.217008672232703,0,0,0,0,0,0.2034959775669,0,0,0,0,0,0,0,0,0,0,0,0,0,0,0,0.0593782066838622,0,0,0.0209469908534489,0,0,0,0,0,0,0,0,0,0,0,0,0,0,0,0,0,0,0,0,0,0,0,0,0,0,0,0,0,0,0,0,0,0,0,0,0,0,0,0,0,0.0209469908534489,0,0.0346859911601342,0,0,0,0
128.txt,0,0,0.0240089682083163,0,0,0,0,0,0,0,0,0,0,0,0,0,0,0,0.0222561777817895,0,0,0,0,0,0,0,0,0,0,0,0,0,0,0,0,0,0,0,0,0,0,0,0,0,0,0,0,0.133337079396716,0,0,0,0,0,0,0,0,0.133337079396716,0.246553652862971,0,0,0,0,0,0,0,0,0,0,0,0,0.0667685333453685,0,0,0,0,0,0,0,0,0,0,0,0,0,0,0,0,0,0,0,0,0,0,0,0,0,0,0,0,0,0,0,0,0,0,0,0.0585771599348794,0,0,0,0.0456072380824155,0,0,0,0,0,0,0,0,0,0,0,0,0,0,0,0,0,0,0,0,0,0,0,0,0,0,0,0,0,0,0.044025173298979,0.0168395651916157,0,0,0,0,0,0,0,0,0.0222561777817895,0,0,0,0,0,0,0,0,0,0,0,0,0,0,0,0,0.0355469851171855,0.141674158793431,0.123276826431486,0.123276826431486,0,0,0,0,0,0,0,0,0,0,0,0,0,0,0,0,0,0.167614002498359,0,0,0,0,0,0,0,0,0,0,0,0,0,0,0,0,0,0,0,0,0,0,0,0,0,0,0.230571714247247,0,0,0,0.105114002498359,0,0.216214476164831,0,0,0,0,0,0,0,0,0,0,0,0,0,0,0,0.0630893446016036,0,0,0.0222561777817895,0,0,0,0,0,0,0,0,0,0,0,0,0,0,0,0,0,0,0,0,0,0,0,0,0,0,0,0,0,0,0,0,0,0,0,0,0,0,0,0,0,0.0222561777817895,0,0,0,0,0,0
129.txt,0,0,0.0187387068942956,0,0,0,0,0,0,0,0,0,0,0,0,0,0,0,0.0173706753418845,0,0,0,0,0,0,0,0,0.0440818273672586,0,0,0,0,0,0,0,0,0,0,0,0,0,0,0,0,0,0,0,0.104067964407193,0,0,0,0,0,0,0,0,0.104067964407193,0.192432119307685,0,0,0,0,0,0,0,0,0,0,0,0,0.0521120260256535,0,0,0,0,0,0,0.0395836670956141,0,0,0,0,0,0,0,0,0,0,0,0,0,0,0,0,0,0,0,0,0,0,0,0,0,0,0,0,0.0457187589735644,0,0,0,0.0711917862749901,0,0,0,0,0,0,0,0,0,0,0,0,0,0,0,0,0,0,0,0,0,0,0,0,0,0,0,0,0,0,0.0343611108674958,0.0262861505430099,0,0,0,0,0,0,0,0,0.0173706753418845,0,0,0,0,0,0,0,0,0,0,0,0,0,0,0,0,0.0277439883841448,0.110574953204629,0.0962160596538424,0.0962160596538424,0,0,0,0,0,0,0,0,0,0.256916416619263,0,0,0.312203893221578,0,0,0,0,0.130820684876768,0,0,0,0.0755332082744534,0,0,0,0,0,0,0,0,0,0,0,0,0,0,0,0,0,0,0,0,0,0,0,0.104067964407193,0,0,0.123060295607835,0,0,0,0,0,0,0,0,0,0,0,0,0,0,0,0,0,0.0492404640793004,0,0,0.0173706753418845,0,0,0,0,0,0,0,0,0,0,0,0,0,0,0,0.0355958931374951,0,0,0,0,0,0,0,0,0,0,0,0,0,0,0,0,0,0.0962160596538424,0,0,0,0,0,0,0,0.0173706753418845,0,0,0,0,0,0
130.txt,0,0,0.0156793261768596,0,0,0,0,0,0,0,0,0,0,0,0,0,0,0,0.014534646714638,0,0.382189717548877,0,0,0,0,0,0,0.0368847943277062,0.286642288161658,0,0,0,0,0,0,0,0,0,0,0,0,0,0,0,0,0,0,0,0,0,0,0,0,0,0,0,0,0,0,0,0,0,0,0,0,0,0,0,0,0,0.0436039401439141,0,0,0,0,0,0,0.0331210275697995,0,0,0,0,0,0,0,0,0,0,0,0,0,0,0,0,0,0,0,0,0,0,0,0,0,0,0,0,0,0,0,0,0.0595686374953999,0,0,0,0,0,0,0,0,0,0,0,0,0,0,0,0,0,0,0,0,0,0,0,0,0,0,0,0,0,0,0,0.0219945341278246,0.191094858774439,0,0,0,0,0,0,0,0.014534646714638,0,0,0,0,0,0,0,0,0.107485439606018,0,0,0.214970879212037,0,0,0,0,0,0.0925218996202,0,0,0,0,0,0,0,0.107485439606018,0,0,0,0,0,0,0,0,0,0,0,0,0,0,0,0.0632012559031141,0,0,0,0,0,0,0,0,0,0,0,0,0,0,0,0,0,0,0,0,0,0,0,0.0870772763407123,0.133338226150812,0,0.102968818773903,0,0,0,0,0,0.214970879212037,0,0,0,0,0,0,0,0,0,0.286642288161658,0,0,0,0,0.014534646714638,0,0,0,0,0,0,0,0,0,0,0,0,0,0,0,0.0297843187476999,0,0,0,0.191094858774439,0,0,0.164193308569821,0,0,0,0,0,0,0,0,0,0,0.080507315220562,0,0,0,0,0,0,0,0.014534646714638,0,0,0,0,0,0
131.txt,0,0,0.0346595631277949,0,0,0.0098690994760002,0,0,0,0,0,0,0,0,0,0,0,0,0.0107097396844701,0,0,0,0,0,0,0,0,0.0815348085138769,0,0,0,0,0,0,0,0,0,0,0,0,0,0,0,0,0,0,0,0,0,0,0,0,0,0,0,0,0,0,0,0,0,0,0,0,0,0,0,0,0,0,0.0374840888956455,0,0,0,0,0,0,0.0122024838415051,0,0,0.197999494011086,0,0,0,0,0,0,0,0,0,0.110731550074398,0,0,0,0,0,0,0,0,0,0,0,0,0.0157658762349819,0.0320811018097361,0,0,0,0,0,0.131678040779305,0,0.197999494011086,0,0,0,0,0,0,0,0,0,0.245623048172549,0,0,0,0,0,0,0,0,0,0,0,0,0,0,0,0,0,0,0.021185045798005,0.0445678717853287,0.140806738044323,0,0,0,0,0,0,0,0.00535486984223507,0,0,0,0.0352016845110808,0,0,0,0,0,0,0,0,0,0,0,0,0.00855265807330778,0,0,0,0,0,0,0,0,0,0,0,0,0.158399595208869,0,0,0,0,0,0.0395998988022173,0,0.141148633682829,0,0,0,0,0,0,0,0,0,0,0,0,0,0,0,0,0,0,0,0,0,0,0,0,0,0,0,0,0,0,0,0,0.364150696698663,0,0,0,0,0,0,0,0,0,0,0,0,0,0,0,0,0,0,0.0267743492111753,0,0,0,0,0,0,0,0,0,0,0,0,0,0,0,0.0658390203896525,0,0,0,0.140806738044323,0,0,0,0,0,0,0,0,0,0,0,0,0,0,0,0,0,0,0,0,0,0.00535486984223507,0,0.0354683819381823,0,0,0,0
132.txt,0,0,0.0338950139411524,0,0,0,0,0,0,0,0,0,0,0,0.0480409785396309,0,0,0,0.0104734954267245,0,0,0,0,0,0,0,0.108288942352169,0.0531574977075766,0,0,0,0.0866134837002217,0,0,0,0,0,0,0,0,0,0,0,0,0,0.0774527432455133,0,0,0,0,0,0,0,0,0,0,0,0,0,0,0,0,0,0,0,0,0,0,0,0.154905486491027,0.0418939817068979,0,0,0,0,0,0,0,0,0,0,0,0.0754807888986414,0,0,0,0.0541444711760845,0.0866134837002217,0.137700707058051,0,0,0,0,0.0455420814595969,0,0,0.0627468608925721,0,0,0,0,0.0774527432455133,0,0,0,0,0.0275657223222962,0,0,0,0.0214622296858426,0,0,0.0688503535290257,0,0,0,0,0.082569262413459,0,0,0,0,0,0,0,0,0.0308361991066557,0,0,0,0,0,0,0,0,0,0,0.182168325838388,0,0,0.0414354572225685,0.0158490025332854,0,0,0,0,0,0,0,0.0286008594971697,0.0104734954267245,0,0,0,0,0,0,0,0,0,0,0,0,0,0.0300804723517829,0,0,0,0,0,0,0,0,0.0712371990050827,0,0.0412846312067295,0,0,0,0,0,0,0,0,0,0,0,0,0,0,0,0,0,0,0,0.082569262413459,0,0.058012624203052,0,0,0,0,0,0,0,0,0,0,0,0,0,0,0,0,0,0,0,0,0,0,0,0,0,0,0,0,0,0,0,0,0,0,0,0,0,0,0,0,0,0,0.0209469908534489,0,0,0,0.0296891033419311,0,0,0,0,0,0,0,0,0,0,0,0,0.10174798878345,0,0,0,0,0,0,0,0,0,0,0,0,0,0,0,0,0,0,0,0.0333350961866897,0.0627468608925721,0,0,0,0.0104734954267245,0,0,0,0,0,0
133.txt,0.03745459231979,0,0.0215120355146514,0.03745459231979,0,0,0,0,0,0,0,0,0.0749787647166456,0,0.0261342923255592,0,0,0,0.00569758151213811,0,0,0,0,0,0,0,0,0.0578353575058433,0,0,0,0,0,0,0,0.0299915058866583,0,0,0,0,0,0,0,0,0,0,0,0,0,0,0,0,0,0,0,0,0,0,0.0170927445364143,0,0,0.0196754529490984,0,0,0,0,0,0,0.0323017444360211,0,0.0455806520971049,0,0,0,0,0,0,0,0,0,0.126402876976678,0,0,0,0,0.0631177351329206,0,0,0,0,0,0,0,0.0247748923140207,0,0,0,0,0,0,0,0,0,0,0,0,0.0149957529433291,0,0,0,0.0583772647454919,0,0.168537169302237,0,0,0,0,0,0,0,0,0,0,0,0,0,0,0,0,0,0,0,0,0,0,0,0,0,0,0,0,0.0225408887290773,0.0258655721343217,0,0,0,0,0,0,0,0,0.00569758151213811,0,0,0.14981836927916,0,0,0,0,0,0,0,0,0,0,0.00545459231978996,0,0,0,0,0,0,0,0,0.0193765181293825,0,0.0898353575058433,0,0,0,0,0,0,0,0,0,0.11236377695937,0,0.0589091846395799,0,0,0,0,0,0,0,0.179670715011687,0,0.0631177351329206,0,0,0,0,0,0,0,0,0,0,0,0,0,0.0224588393764608,0,0,0,0,0.136537169302237,0,0,0.0807275539187398,0,0,0,0.0449176787529217,0,0,0,0,0,0,0,0,0,0,0,0,0,0,0,0,0.0341854890728287,0,0,0,0.0969052333080632,0,0,0,0,0,0,0,0,0,0,0,0.0467018117963935,0,0,0,0,0,0,0,0,0,0,0,0,0,0,0,0,0,0,0,0,0.0181342923255592,0,0,0,0,0.00569758151213811,0.00672417428794243,0.018869179191113,0.0743246769420621,0,0,0
134.txt,0,0,0.0295494993333123,0,0,0,0,0,0,0,0,0,0,0,0.0251291272361146,0,0,0,0.00547844376167126,0,0,0,0,0,0,0.0502582544722293,0,0.0417081905090216,0,0,0,0,0,0,0,0.0144189932147395,0,0,0,0,0,0,0,0,0,0,0,0,0,0,0,0.0224527941328815,0,0,0,0,0,0,0.021913775046685,0,0,0.0378374095174969,0,0,0,0,0,0,0.0155296848250101,0,0.0547844376167126,0,0,0,0,0,0,0,0,0,0,0,0,0,0,0.0303450649677503,0,0,0,0,0,0,0,0.0952880473616181,0,0,0,0,0,0,0,0,0,0,0,0,0.0576759728589582,0,0,0,0.0224527941328815,0,0,0,0,0,0,0,0,0,0,0,0.0251291272361146,0,0,0,0,0,0,0,0,0,0,0,0,0,0,0,0,0,0,0.0541848286756665,0.0124353712184239,0,0,0,0,0,0,0,0,0.00547844376167126,0,0,0.0360140310767211,0,0,0,0.0144189932147395,0.0283217233844134,0,0,0,0,0,0.0209792012299614,0,0,0,0.104620917262842,0,0,0,0,0,0,0.0215950378619816,0,0,0,0,0,0,0,0,0,0.108042093230163,0,0.0566434467688269,0,0,0,0.04051374262073,0,0,0,0.0647851135859447,0,0.0303450649677503,0,0,0,0,0,0,0,0,0,0,0,0,0,0,0,0,0,0,0,0,0,0.116433971998182,0,0,0,0,0,0,0,0,0,0,0.0556109206786955,0,0,0,0,0,0,0,0,0,0.0438275500933701,0,0,0,0.0621187393000405,0,0,0,0,0.0100968479254464,0.0283217233844134,0,0,0,0,0,0.0112263970664407,0,0,0,0,0,0,0,0.0720280621534422,0,0,0,0.0322594082961937,0,0,0,0,0,0,0,0,0,0,0,0,0,0.00547844376167126,0.0193966565998339,0.0453586038247908,0.119110059202023,0.0412588313842115,0,0
135.txt,0,0,0.0256095660888707,0,0,0,0,0,0,0,0,0,0,0,0,0,0,0,0.0237399229672421,0,0,0,0,0,0,0,0,0.0602451640685868,0,0,0,0,0,0,0,0,0,0,0,0,0,0,0,0,0,0,0,0,0,0,0,0.0486477206212432,0,0,0,0,0,0,0,0,0,0,0,0,0,0,0,0,0,0,0.0712197689017264,0,0,0,0,0,0,0,0,0,0,0,0,0,0,0,0,0,0,0,0,0,0,0,0,0,0,0,0,0,0,0,0,0,0,0,0,0,0,0,0.0972954412424865,0,0,0,0,0,0,0,0,0,0,0,0,0,0,0,0,0,0,0,0,0,0,0,0,0,0,0,0,0,0,0,0.0179622028710567,0,0,0,0,0,0,0,0,0.0237399229672421,0,0,0,0,0,0,0,0,0,0,0,0,0,0.0227274679991248,0.11531438728791,0,0,0,0,0,0,0,0,0,0,0,0,0,0,0,0,0,0,0,0.156060801332458,0,0.122727467999125,0.178788269331583,0,0,0,0,0,0,0,0,0,0,0,0,0.142226218023163,0,0,0,0,0,0,0,0,0,0,0,0,0,0,0,0,0,0.112121602664916,0,0,0.0935784974019201,0,0,0,0,0,0,0,0.120490328137174,0.702238205425987,0,0,0,0,0,0,0,0,0.0237399229672421,0,0,0,0,0,0,0,0,0,0,0,0,0,0,0,0,0,0,0,0,0,0,0,0,0,0,0,0,0,0,0,0,0,0,0,0,0,0,0,0,0,0.0237399229672421,0,0,0,0,0,0
136.txt,0,0,0.0340380308776129,0,0,0,0,0,0,0,0,0,0.0474549143776238,0,0.0413517283632266,0,0,0,0.0090151606204717,0,0,0,0,0,0,0,0,0.0457558208115849,0,0,0,0,0,0,0,0.0237274571888119,0,0,0,0,0,0,0,0,0,0,0,0,0,0,0,0.0184738179574341,0,0,0,0,0,0,0.0450758031023585,0,0,0.0622640916110708,0,0,0,0,0,0,0,0,0.0721212849637736,0,0,0,0,0,0,0,0,0,0,0,0.0324854028171368,0,0,0,0,0,0,0,0,0,0,0,0,0,0,0,0,0,0,0,0,0,0,0,0,0,0,0,0.0369476359148683,0,0,0,0,0,0,0,0,0,0,0,0.0413517283632266,0,0,0,0,0.0530851022595592,0,0,0,0,0,0,0,0,0,0,0,0,0,0.0178329815894599,0.0204632690936089,0,0,0,0,0,0,0,0,0.0090151606204717,0.0466053675946044,0,0,0,0,0,0.0237274571888119,0.0466053675946044,0,0,0,0,0,0.00863068405030057,0,0,0,0.0573870010302507,0,0,0,0,0.0613180953461471,0,0.213216829523362,0,0,0,0,0,0,0,0,0,0,0,0,0,0,0,0,0,0,0,0,0.108019912422656,0,0,0,0,0,0,0,0,0,0,0,0,0,0,0,0,0,0,0,0,0,0,0,0,0,0,0,0,0,0,0,0.0678942794930062,0,0,0,0,0,0,0,0,0,0,0,0.0540909637228302,0,0,0,0,0,0,0,0,0.0166150662064307,0.0466053675946044,0,0,0,0,0,0.0738952718297366,0,0,0,0,0,0,0,0,0,0,0,0,0,0,0,0,0,0,0,0,0,0,0,0,0,0.0090151606204717,0.0212790325567798,0,0,0.0339471397465031,0,0
137.txt,0,0,0.0303271177368205,0,0,0,0,0,0,0,0,0,0,0,0,0,0,0,0.0187420444478227,0,0,0,0,0,0,0,0,0,0,0,0,0.38748137444836,0,0,0,0,0,0,0,0,0,0,0,0,0,0,0,0,0,0,0,0,0,0,0,0,0,0,0.0562261333434682,0,0,0,0,0,0,0,0,0,0,0.277199291615521,0.0749681777912909,0,0,0,0,0,0,0.0427086934452678,0,0,0,0,0,0,0,0,0,0,0,0,0,0,0,0,0,0,0,0,0,0,0,0,0,0,0,0,0,0,0,0,0.0384060952272973,0,0,0.123205895788783,0,0,0,0,0.369388805533895,0,0,0,0,0,0,0,0,0,0,0,0,0,0,0,0,0,0,0,0,0,0,0,0.0141806864771501,0,0,0,0,0,0,0,0,0.0187420444478227,0,0,0,0,0,0,0,0,0,0,0,0,0,0,0,0,0,0,0,0,0,0,0.0212461821594106,0,0,0,0,0,0,0,0,0,0,0,0,0,0,0,0,0,0,0,0,0,0,0,0,0,0,0,0,0,0,0,0.0705743168414144,0,0,0,0,0,0,0,0,0,0,0,0,0,0,0,0,0,0,0,0,0,0,0,0,0,0,0,0,0,0,0,0,0,0,0.0374840888956455,0,0,0.138599645807761,0,0,0,0,0,0,0,0,0,0,0,0,0.0384060952272973,0,0,0,0,0,0,0,0,0,0,0,0,0,0,0,0,0,0,0,0,0,0,0,0,0,0.0187420444478227,0.0442379887364633,0,0,0.0705743168414144,0,0
138.txt,0,0,0.0274388208095043,0,0,0.0312521483406673,0,0,0,0,0,0,0,0,0.0777806319213072,0,0,0,0.0169570878337444,0,0,0,0,0,0,0,0,0.0430322600489906,0,0.0323784748830091,0,0,0,0,0,0,0,0,0,0,0,0,0,0,0,0,0,0,0,0,0,0,0,0,0,0,0,0,0,0,0,0,0,0,0,0,0,0,0.0480680720774123,0,0.0678283513349775,0,0,0,0,0,0,0.0386411988314328,0,0,0,0,0,0.133683567717029,0,0.281775603271967,0,0,0,0,0,0,0,0,0,0,0,0,0,0,0,0,0,0,0,0,0,0,0.0823674194913642,0,0.0694967437446332,0,0,0,0,0,0,0,0,0,0,0,0,0,0,0,0,0,0,0,0,0,0,0,0,0,0,0,0,0,0,0.0335429891801745,0.0128301449078977,0,0,0,0,0,0,0,0,0.0169570878337444,0,0,0,0,0,0,0,0,0,0,0,0,0,0,0,0,0,0,0,0,0,0,0.0384454724789335,0,0,0,0,0,0,0,0,0,0,0,0,0.125399679540355,0.262987431426696,0.0638529533327082,0,0,0,0,0,0,0,0,0,0,0,0,0.101590155730831,0,0,0,0,0,0,0,0,0,0,0,0,0,0,0,0,0,0.120130288569553,0,0,0,0,0,0,0,0,0,0,0,0,0,0,0,0,0,0,0,0,0.0339141756674888,0,0,0,0,0,0,0,0,0,0,0,0,0,0,0,0.0347483718723166,0,0,0,0,0,0,0,0,0,0,0,0,0,0,0,0,0,0,0,0,0,0,0,0,0,0.0169570878337444,0,0.028079135701061,0,0.0638529533327082,0,0
139.txt,0,0,0.0213413050740589,0,0,0.0364608397307785,0,0,0,0,0,0,0,0,0.0907440705748584,0,0,0,0.0197832691393684,0,0,0,0,0,0,0,0,0.050204303390489,0,0.0377748873635106,0,0,0,0,0,0,0,0,0,0,0,0.118521848352636,0,0,0,0,0,0,0,0,0,0,0,0,0,0,0,0,0,0,0,0,0,0,0,0,0.118521848352636,0,0,0,0.0593498074181053,0,0,0,0,0,0,0,0,0,0,0,0,0.0779820811682668,0,0.109579401272432,0,0,0,0,0,0,0,0,0,0,0,0,0,0,0,0,0,0,0,0,0,0,0.19219064547985,0,0.121619301553108,0,0,0,0,0,0,0,0,0,0,0,0,0,0,0,0,0,0,0,0,0,0,0,0,0,0,0,0,0,0,0,0,0,0,0,0,0,0,0,0,0.0197832691393684,0,0,0,0,0,0,0.0520685866087817,0.102272889999271,0,0,0,0,0,0.0189395566659374,0,0,0,0,0,0,0,0,0.0224265256127112,0,0,0,0,0,0,0,0,0,0,0,0,0,0.204545779998541,0.148990224442986,0,0,0,0,0,0,0,0,0,0,0,0,0,0,0,0,0,0,0,0,0,0,0,0,0,0,0,0,0,0,0.0467173344437151,0,0,0,0,0,0,0,0,0,0,0,0.146299626130414,0,0,0,0,0,0.0560794174236477,0,0,0.0197832691393684,0,0,0,0,0,0,0,0,0.0364608397307785,0.102272889999271,0,0,0,0,0,0.0405397671843694,0,0,0,0,0,0,0,0,0,0,0,0,0,0,0,0,0,0,0,0,0,0,0,0,0,0.0197832691393684,0,0,0,0,0,0
140.txt,0,0,0.0288107618499795,0,0,0,0,0,0,0,0,0,0,0,0,0,0,0,0.0089024711127158,0,0,0,0,0,0,0,0,0.1129596826286,0,0.0169986993135798,0,0,0,0,0,0.0468617279479035,0,0,0,0,0,0,0,0,0,0,0,0,0,0,0,0,0,0,0,0,0,0,0,0,0,0,0,0,0,0,0,0,0.0504714756812829,0,0.0534148266762948,0,0,0,0,0,0,0,0,0,0,0,0.0320793352819226,0.0350919365257201,0,0,0,0,0,0,0,0,0,0.0387107692406574,0.0486214611451885,0,0,0,0,0,0,0,0,0,0,0,0.0234308639739518,0,0,0,0.0364857904659324,0,0,0,0,0,0,0,0,0,0,0,0,0,0,0,0.0350919365257201,0,0,0,0,0,0,0,0,0,0,0,0,0,0,0.0352201386391832,0.00673582607664628,0,0,0,0,0,0,0,0,0.0089024711127158,0,0,0,0,0,0,0.0234308639739518,0.0460228004996718,0,0,0,0,0,0.0170456009993436,0,0,0.0142187940468742,0,0,0,0,0,0,0,0,0,0.0432428952329662,0,0,0,0,0,0,0,0,0,0,0,0,0,0,0,0,0,0.14036774610288,0,0,0,0,0,0.0533348317586863,0,0,0,0,0,0,0,0,0,0,0,0,0,0,0,0,0.0217903073079736,0,0,0,0,0,0,0,0,0,0.0670456009993436,0,0.0225919365257201,0,0,0,0,0,0,0,0,0,0.0356098844508632,0,0,0,0.100942951362566,0,0,0,0,0.0164073778788503,0.0460228004996718,0,0,0,0,0,0.0729715809318649,0,0,0,0,0,0,0,0,0,0,0,0,0,0,0,0.0658348317586863,0,0,0,0,0,0,0,0,0,0.0089024711127158,0,0.14741546243057,0.0774215384813147,0.0335228004996718,0,0
141.txt,0,0,0.0246245827777603,0,0,0,0,0,0,0,0,0,0,0,0,0,0,0,0.00913073960278543,0,0,0,0,0,0,0,0,0.115856084747282,0,0.0174345633985434,0,0,0,0,0,0.0720949660736977,0,0,0,0,0,0,0,0,0,0,0,0,0,0,0,0,0,0,0,0,0,0,0,0,0,0.0315311745979141,0,0,0,0,0,0,0.0776484241250506,0,0.0547844376167126,0.0329018823404335,0,0,0,0,0,0,0,0,0,0,0.0329018823404335,0.0359917297699693,0,0,0,0,0,0.20256871310365,0.0472028723073557,0,0,0,0.149604495831349,0,0,0,0,0,0,0,0,0,0,0,0,0,0,0,0.0374213235548025,0,0,0,0,0,0,0,0,0,0,0,0,0,0,0,0.0359917297699693,0.0268828402468281,0,0,0,0,0,0,0,0,0,0,0,0,0,0.0180616095585555,0.00690853956579105,0,0,0,0,0,0,0,0,0.00913073960278543,0,0,0,0,0,0,0.0240316553578992,0.0472028723073557,0,0,0,0,0,0.00874133384581725,0,0,0,0,0,0,0,0,0,0,0,0,0.0443516874184269,0,0,0,0,0,0,0,0,0,0,0,0,0,0,0,0,0,0.143966919079877,0,0,0,0,0,0.0547023915473705,0,0,0,0,0,0,0,0,0,0,0,0,0,0,0,0,0,0,0,0,0,0.0719834595399386,0,0,0,0,0.0687647189736858,0,0,0,0,0,0,0,0,0,0,0,0.0365229584111417,0,0,0,0.103531232166734,0,0,0,0,0.0168280798757439,0.0472028723073557,0,0,0,0,0,0.074842647109605,0,0,0,0,0,0,0,0,0,0,0,0,0,0,0,0.0675229043678833,0,0,0,0,0,0,0,0,0,0.00913073960278543,0,0.0302390692165272,0,0.0687647189736858,0,0
142.txt,0,0,0.0512191321777414,0,0,0,0,0,0,0,0,0,0,0,0,0,0,0,0.0237399229672421,0,0,0,0,0,0,0,0,0,0,0,0,0,0,0,0,0,0,0,0,0,0,0,0,0,0,0,0,0,0,0,0,0,0,0,0,0,0,0,0,0,0,0,0,0,0,0,0,0,0,0,0.0949596918689685,0,0,0,0,0,0,0,0,0,0,0.142226218023163,0,0,0,0,0,0,0,0,0,0,0,0,0,0,0,0,0,0,0,0,0,0,0,0,0,0,0,0,0,0,0,0,0,0,0,0,0,0,0,0,0,0,0,0,0,0,0,0,0,0,0,0,0,0,0,0,0.206457435950173,0.312121602664916,0,0.187840739408977,0,0,0,0,0,0,0,0,0,0.0237399229672421,0,0,0,0,0,0,0,0,0,0,0,0,0,0.113637339995624,0,0,0,0,0,0,0,0,0,0,0,0,0,0,0,0,0,0,0,0,0,0,0,0,0,0,0,0,0,0,0,0,0,0,0,0,0,0,0,0,0,0,0,0,0,0,0,0,0,0,0,0,0,0,0,0,0,0,0,0,0,0,0,0,0,0,0,0,0,0,0,0,0,0,0,0.0474798459344843,0,0,0,0,0,0,0,0,0,0,0,0,0,0,0,0.14594316186373,0,0,0,0,0,0,0,0,0,0,0,0,0,0,0,0,0,0,0,0,0,0,0,0,0,0.0237399229672421,0,0,0,0,0,0
143.txt,0,0,0.0288107618499795,0,0,0,0,0,0,0,0,0,0,0,0,0,0,0,0.0089024711127158,0,0,0,0,0,0,0,0,0,0,0,0,0.0736214611451885,0,0,0,0,0,0,0,0,0,0,0,0,0,0,0,0,0,0,0,0,0,0,0,0,0,0,0,0,0,0,0,0,0,0,0,0,0,0,0.0623172977890106,0,0,0,0,0,0,0,0,0,0,0,0,0,0,0,0,0,0,0,0.0460228004996718,0,0,0,0.0243107305725942,0,0,0,0,0,0,0,0,0.0262107692406574,0,0,0,0,0,0,0,0,0,0,0,0,0,0,0.0701838730514401,0,0,0,0,0,0,0,0,0,0,0,0,0,0,0,0,0,0,0,0,0,0,0.0352201386391832,0,0,0,0,0,0,0,0,0,0.0089024711127158,0,0,0,0,0,0,0,0,0,0,0,0,0,0.0426140024983591,0,0,0,0,0,0,0,0,0,0,0,0,0,0,0,0,0.0658348317586863,0,0.0533348317586863,0,0,0,0,0.0335228004996718,0,0,0,0,0.193553846203287,0,0,0,0,0,0.329174158793431,0,0,0,0,0,0.0335228004996718,0,0,0,0,0,0,0,0,0,0.0614857904659324,0,0,0.0653709219239208,0.0420456009993436,0,0.129728685698899,0.1754596826286,0,0,0,0,0,0,0,0,0,0,0,0,0,0,0,0.0658348317586863,0,0.044512355563579,0,0,0.329174158793431,0,0,0,0,0,0,0,0,0,0,0,0.0658348317586863,0.109457371397797,0,0,0,0,0,0,0,0,0,0,0,0,0,0,0,0,0,0,0,0,0,0,0,0,0,0.0089024711127158,0,0.0294830924861141,0,0,0.0658348317586863,0
144.txt,0,0,0.0433710393440552,0,0,0,0,0,0,0,0,0,0,0,0,0,0,0.0755132909673185,0.0114870595002785,0,0,0,0,0,0,0,0,0,0,0,0,0.379981734942908,0,0,0,0,0,0,0,0,0,0,0,0,0,0,0,0,0,0,0,0,0,0,0,0,0,0,0.0344611785008354,0,0,0,0,0,0,0,0,0,0,0,0.0804094165019492,0,0,0,0,0,0,0,0,0,0,0,0,0,0,0,0,0,0,0,0,0,0,0,0,0,0,0,0,0,0,0,0,0,0,0,0,0,0,0,0,0,0,0.151026581934637,0,0,0,0,0.362239344781626,0,0,0,0,0,0,0,0,0,0,0,0,0,0,0,0,0,0,0,0.0499493796653643,0,0,0.0454453401795913,0,0,0,0,0,0,0,0,0,0.0114870595002785,0,0,0,0,0,0,0,0,0,0,0,0,0,0.0109971619350604,0,0,0,0,0,0,0,0,0.052087414326297,0,0.0452799180977033,0,0,0,0,0,0,0.0755132909673185,0,0,0,0,0,0,0,0,0,0,0,0,0,0,0,0,0,0,0,0,0,0,0,0,0,0,0,0,0,0,0,0,0,0,0,0.0281165255586756,0,0,0,0,0,0,0,0,0,0.0432552264511894,0,0,0,0,0,0,0,0,0,0,0,0.0574352975013923,0,0,0,0,0,0,0.0526901054950791,0,0,0,0,0,0,0,0,0.0470784393108806,0,0,0,0,0,0,0,0,0,0,0,0,0,0,0,0,0,0,0,0,0,0.0688191377531436,0,0,0.0703007644982117,0.0114870595002785,0,0,0,0,0,0
145.txt,0,0,0.0480179364166325,0,0,0,0,0,0,0,0,0,0,0,0,0,0,0,0.0148374518545263,0,0,0,0,0,0,0,0,0,0,0,0,0,0,0,0,0,0,0.10972471959781,0,0,0,0,0,0,0,0,0,0,0,0,0,0,0,0,0,0.0680580529311438,0,0,0.044512355563579,0,0,0.0512381587216104,0,0,0,0,0,0,0,0,0.089024711127158,0,0,0,0,0,0,0,0,0,0,0,0.0534655588032044,0,0,0,0,0,0,0,0,0,0,0,0,0,0,0,0,0,0,0,0,0,0,0,0,0,0,0,0,0,0,0,0,0,0,0,0,0,0,0,0,0,0,0,0,0,0,0,0,0,0,0,0,0,0,0,0,0,0,0.0880503465979581,0,0,0,0,0,0,0,0,0,0.0148374518545263,0,0,0,0,0,0,0,0,0,0,0,0,0,0.014204667499453,0,0,0,0,0,0,0,0,0.0840994710476671,0,0.292432804381,0,0,0.164369101908647,0,0,0,0,0,0,0,0,0,0,0,0,0,0,0,0,0,0,0,0,0,0,0,0,0,0,0,0,0,0,0,0,0.0584865608762001,0,0,0,0,0,0,0.0363171788466227,0,0,0,0,0,0,0,0,0,0,0,0,0,0,0,0,0,0,0,0,0,0.0593498074181053,0,0,0,0,0,0,0,0,0,0,0,0,0,0,0,0.0912144761648311,0,0,0,0,0,0,0,0,0,0,0,0,0,0,0,0,0.0613512176209904,0,0,0,0,0,0,0,0,0.0148374518545263,0,0,0,0,0,0
146.txt,0,0,0.0426826101481178,0,0,0,0,0,0,0,0,0,0.119013912248644,0,0,0,0,0,0.0113047252224963,0,0,0,0,0,0,0,0,0,0,0,0,0,0,0,0,0.029753478062161,0,0,0,0,0,0,0,0,0,0,0,0,0,0,0,0,0,0,0,0,0,0,0.045218900889985,0,0,0,0,0,0,0,0,0.0835997863602365,0,0,0.0791330765574738,0.0407356638500605,0,0,0,0,0,0,0.0743146673011705,0.215884432447133,0,0,0.0407356638500605,0.0445611892390096,0,0,0,0,0,0,0,0,0,0,0,0,0,0,0,0.0835997863602365,0,0,0,0,0,0,0,0,0,0,0,0,0,0,0,0,0,0,0,0,0,0,0,0,0,0,0,0.0332835164960728,0,0,0,0,0,0,0,0,0,0,0,0,0,0.111809963933915,0,0,0,0.167199572720473,0,0.25079935908071,0,0,0,0.0113047252224963,0,0,0,0,0,0,0,0,0,0,0,0,0,0.0108226038091071,0,0,0.0180556114880942,0,0,0,0,0,0,0,0,0,0,0,0,0,0,0,0,0,0,0,0,0,0,0,0,0,0,0,0,0,0,0,0,0,0,0,0,0,0,0,0,0,0,0,0,0,0,0,0,0,0,0.0276702315021887,0,0,0,0,0,0,0,0,0,0,0,0,0,0,0,0,0,0,0,0,0,0.0565236261124813,0,0,0,0,0,0,0,0,0,0,0,0,0,0,0,0.138993487489266,0,0,0,0,0,0,0,0,0,0,0,0,0,0,0,0,0,0,0,0,0,0,0,0,0,0.0113047252224963,0,0,0,0,0,0
147.txt,0,0,0.0480179364166325,0,0,0,0,0,0,0,0,0,0,0,0,0,0,0,0.0127178158753083,0,0,0,0,0,0,0,0,0,0,0,0,0,0,0,0,0.0334726628199311,0,0,0,0,0,0,0,0,0,0,0,0,0,0,0,0,0,0,0,0,0,0,0.0381534476259249,0,0,0,0,0,0,0,0,0.0940497596552661,0.0360510540580592,0,0.089024711127158,0,0,0,0,0,0,0,0,0,0,0,0.045827621831318,0.0501313378938858,0,0,0,0,0,0,0,0,0,0,0,0,0,0,0,0,0,0,0,0,0,0,0,0,0,0,0,0,0,0,0,0,0,0,0,0,0,0,0,0,0,0,0,0.0374439560580819,0,0,0,0,0.337127992155198,0.334416002855267,0,0,0,0,0,0,0,0.100628967540524,0,0,0,0,0,0,0,0,0,0.0254356317506166,0,0,0,0,0,0,0,0,0,0,0,0,0,0.0121754292852455,0,0,0,0,0,0,0,0,0,0,0,0,0,0,0,0,0,0,0,0,0,0,0,0,0,0,0,0,0,0,0,0,0,0,0,0,0,0,0,0,0,0,0,0,0,0,0,0,0,0,0,0,0,0.0311290104399623,0,0,0,0,0,0,0,0,0,0,0,0,0,0,0,0,0,0,0,0,0,0.0635890793765414,0,0,0,0,0,0,0,0,0,0,0,0,0,0,0,0.156367673425425,0,0,0,0,0,0,0,0,0,0,0,0,0,0,0,0,0,0,0,0,0,0,0,0,0,0.0127178158753083,0,0,0,0,0,0
148.txt,0,0,0.0444797726806701,0,0,0,0,0,0,0,0,0,0,0,0,0,0,0,0.00749681777912909,0,0.0492823583155131,0,0,0,0,0,0,0,0.0985647166310262,0,0,0,0,0,0,0.0197312538728015,0,0,0,0,0,0,0,0,0,0,0,0,0,0,0,0,0,0,0,0,0,0,0.0224904533373873,0,0,0,0,0,0,0,0,0,0.021251147655277,0,0.08246499557042,0,0,0,0,0,0,0,0.0492823583155131,0,0,0,0.0270141770795138,0,0,0,0,0,0,0,0,0,0,0,0,0,0,0,0,0,0,0,0,0,0,0,0,0,0,0,0,0,0,0,0,0,0,0,0,0,0,0,0,0,0.0295511044427116,0,0,0,0,0,0,0,0,0,0,0,0,0,0,0,0,0.0741476602930173,0,0.0492823583155131,0,0,0,0,0,0,0,0.00749681777912909,0,0,0,0,0,0,0,0,0,0,0,0.0554398583231042,0,0.00717709515761837,0,0,0.0119737213026309,0,0,0,0,0,0.00849847286376425,0,0.0295511044427116,0.0554398583231042,0,0,0,0,0.0554398583231042,0,0.0449135425336305,0,0,0,0.193780212630197,0.0564594534731315,0,0,0,0,0,0,0,0,0,0,0,0,0,0,0,0,0,0,0,0,0,0,0,0,0,0,0,0,0.0343872267441569,0.0183497324698725,0.123923876629644,0,0,0,0.0295511044427116,0,0,0,0,0.0564594534731315,0,0,0,0,0,0,0.0492823583155131,0.0164878612900401,0,0.0554398583231042,0,0.0674713600121618,0,0,0,0,0,0,0,0,0,0,0,0,0,0,0,0.13826194281827,0,0,0,0.0492823583155131,0,0,0.0282297267365657,0,0,0,0,0,0,0,0,0,0,0,0,0,0,0,0,0,0,0.00749681777912909,0,0.0248278673567276,0,0,0.0554398583231042,0
149.txt,0,0,0.0404361569824274,0,0,0,0,0,0,0,0,0,0.0493281346820037,0,0,0,0,0,0.0187420444478227,0,0,0,0,0,0,0,0,0,0,0,0,0,0,0.207624128726713,0,0,0,0,0,0,0,0,0,0.0647218847009815,0.224567712668153,0,0,0,0,0,0,0,0,0,0,0,0,0,0.0374840888956455,0,0,0.0647218847009815,0,0,0,0,0,0,0,0,0.0937102222391137,0.0675354426987844,0.123205895788783,0,0,0,0,0,0,0,0,0,0,0,0,0,0,0,0,0,0,0,0,0,0,0,0,0,0,0.138599645807761,0,0,0,0,0,0,0,0,0,0,0,0,0,0,0,0,0,0,0,0,0,0,0,0,0,0,0,0,0,0,0,0,0,0,0,0,0,0,0,0,0,0.0741476602930173,0,0,0.0859680668603921,0,0,0,0,0,0,0.0187420444478227,0,0,0,0,0,0,0,0,0,0,0,0,0,0,0,0,0,0,0,0,0,0,0.0637385464782319,0,0.0738777611067791,0,0,0,0,0,0,0,0,0,0,0,0,0,0,0,0,0,0,0,0,0,0,0,0,0,0,0,0,0,0.0705743168414144,0,0,0,0,0,0,0,0,0,0,0,0,0,0,0,0,0,0,0,0,0,0,0,0,0,0,0,0,0,0,0,0,0,0,0.0562261333434682,0,0,0,0,0,0,0,0,0,0,0,0,0,0,0,0.0768121904545946,0,0,0,0,0,0,0,0,0,0,0,0,0,0,0,0,0,0,0,0,0,0,0,0,0,0.0187420444478227,0,0.0310348341959095,0,0,0,0
150.txt,0,0,0.0480179364166325,0,0,0,0,0,0,0,0,0,0,0,0,0,0,0,0.0111280888908947,0,0,0,0,0,0,0,0,0,0,0,0,0,0,0,0,0.0292885799674397,0,0,0,0,0,0,0,0,0,0,0,0,0,0,0,0,0,0,0,0,0,0,0.0222561777817895,0,0,0,0,0,0,0,0,0,0,0,0.089024711127158,0,0,0,0,0,0,0,0.0731535006245898,0,0,0,0.0400991691024033,0.0438649206571501,0,0,0,0,0,0,0,0,0,0,0,0,0,0,0,0,0,0,0,0,0,0.0731535006245898,0,0,0,0,0,0,0,0,0,0,0,0,0,0,0,0,0,0,0.0438649206571501,0,0,0,0,0,0,0,0,0,0,0,0,0,0,0,0,0.110062933247448,0,0,0,0,0,0,0,0,0,0.0111280888908947,0,0,0,0,0,0,0,0,0,0,0,0,0,0.0106535006245898,0,0,0.0177734925585927,0,0,0,0,0,0,0,0,0,0.0540536190412078,0,0,0,0,0,0,0,0,0,0,0,0,0,0,0,0,0,0,0,0,0,0,0,0,0,0,0,0,0,0,0,0,0,0,0,0,0,0,0,0,0.027237884134967,0,0,0.0540536190412078,0.0438649206571501,0,0,0,0,0,0,0,0,0,0,0,0,0,0,0,0,0,0.0667685333453685,0,0,0,0,0,0,0,0,0,0,0,0,0,0,0,0.136821714247247,0,0,0,0,0,0,0.0419035006245898,0,0,0,0,0,0,0,0,0,0,0,0,0,0,0,0,0,0,0.0111280888908947,0,0.184269328038213,0.145165384652465,0,0,0
151.txt,0,0,0.0167018909275244,0,0,0,0.0673230769402737,0.201969230820821,0,0,0,0,0,0,0,0,0,0,0.015482558456897,0,0,0,0,0.240118959128723,0,0,0,0,0,0,0.10177878347769,0,0,0,0,0,0,0,0,0,0,0.0927562291455413,0,0,0,0.114495359580324,0,0,0,0,0,0,0,0,0,0,0,0,0.015482558456897,0,0,0,0,0,0,0,0.0927562291455413,0,0,0,0.0464476753706911,0.0557901483163872,0,0,0,0,0,0,0,0.0492779682759761,0,0,0,0,0,0,0,0,0,0,0,0,0,0,0,0,0,0,0,0,0,0.114495359580324,0,0,0,0,0,0,0,0,0,0,0,0,0,0,0,0,0,0,0,0,0,0,0,0,0,0,0,0,0,0,0,0,0,0,0,0,0,0,0,0,0,0,0,0,0,0,0,0,0,0.015482558456897,0,0,0,0,0,0.142034197421517,0,0,0,0,0,0,0,0.0148222617385597,0,0,0,0,0,0,0,0,0.017551193957774,0,0,0,0,1.02909350760197,0,0,0,0,0,0,0,0,0,0,0,0,0,0,0,0,0,0,0,0,0,0.134646153880547,0,0,0,0,0,0,0,0,0,0,0,0,0,0,0,0,0,0,0,0.160079306085815,0,0,0,0,0,0,0,0,0,0,0,0,0,0,0,0,0,0,0.160079306085815,0.015482558456897,0,0,0,0,0,0,0,0,0,0,0,0,0,0,0,0,0,0,0,0,0,0,0,0,0,0,0,0,0,0,0,0,0,0,0,0,0,0,0,0,0,0.015482558456897,0,0,0,0,0,0
152.txt,0,0,0.0349221355757327,0,0,0,0,0,0,0,0,0,0,0,0,0,0,0,0.0323726222280575,0,0,0,0,0,0,0,0,0,0,0,0,0,0,0,0,0,0,0,0,0,0,0,0,0,0,0,0,0,0,0,0,0,0,0,0,0,0,0,0,0,0,0,0,0,0,0,0,0,0,0,0.0971178666841724,0,0,0,0,0,0,0,0,0,0,0,0,0,0,0,0,0,0,0,0,0,0,0,0,0,0,0,0,0,0,0,0,0,0,0,0,0,0,0,0,0,0,0,0,0,0,0,0,0,0,0,0,0,0,0,0,0,0,0,0,0,0,0,0,0,0,0,0.422299300807171,0,0,0,0,0,0,0,0,0,0,0,0,0.0323726222280575,0,0,0,0,0,0,0,0,0,0,0,0,0,0.123968007267954,0,0,0.0517047056249971,0,0,0,0.478798776426809,0,0,0,0,0,0,0,0,0,0,0,0,0,0,0,0,0,0,0,0,0,0,0,0.127607041911709,0,0,0,0,0,0,0,0,0,0,0,0,0,0,0,0,0,0,0,0,0,0,0,0,0,0,0,0,0,0,0,0,0,0,0,0,0,0,0,0,0,0,0,0,0.0323726222280575,0,0,0,0,0,0,0,0,0,0,0,0,0,0,0,0,0,0,0,0,0,0,0,0,0,0,0,0,0,0,0,0,0,0,0,0,0.103035751849768,0.193944842758859,0,0,0,0.0323726222280575,0,0,0,0,0,0
153.txt,0,0,0.049039594638263,0,0,0,0,0,0,0.0658906710479274,0,0,0,0,0,0,0,0,0.060612569278065,0,0,0,0,0,0,0,0,0,0,0,0,0,0,0,0,0,0,0,0,0,0,0,0,0,0,0,0,0,0,0,0,0,0,0,0,0.13901219322106,0,0,0.0151531423195163,0,0,0,0,0,0,0,0,0,0.0859088947766517,0,0.106071996236614,0,0,0,0,0,0,0,0,0.289377005195094,0,0,0,0,0,0,0,0,0,0,0,0,0,0,0,0,0,0,0,0,0,0,0,0,0,0,0,0,0,0,0,0,0,0,0,0,0,0,0,0,0,0,0,0,0,0,0,0,0,0,0,0,0,0,0,0,0,0,0,0,0,0,0,0,0.0695060966105298,0,0,0,0,0,0,0.0151531423195163,0,0,0,0,0,0,0,0,0,0,0,0,0,0,0,0,0.0242022026329773,0,0,0,0,0,0,0,0,0,0,0,0.112059288099892,0,0,0,0,0,0,0,0,0,0,0,0,0,0,0,0,0,0,0,0,0,0,0,0,0,0,0,0,0,0,0,0.0597309557884597,0,0,0,0,0,0,0,0,0,0,0.0597309557884597,0,0,0,0,0,0.0570600859568882,0,0,0,0,0,0,0,0,0.0859088947766517,0,0,0.0757657115975813,0,0,0,0,0,0.083933158421437,0,0,0,0,0,0,0,0,0,0.031051736566751,0,0,0,0,0,0,0,0,0,0,0,0.0446140753032466,0,0,0,0,0,0,0,0,0,0,0,0,0,0.0151531423195163,0,0,0,0,0,0
154.txt,0,0,0.0426826101481178,0,0,0,0,0,0,0.0573492877639368,0,0,0,0,0,0,0,0,0.0527553843716492,0,0,0,0,0,0,0,0,0,0,0,0,0,0,0,0,0,0,0,0,0,0,0,0,0,0,0,0,0,0,0,0,0,0,0.086700445184699,0,0.120992094099811,0,0,0.0527553843716492,0,0,0,0,0,0,0,0,0,0,0,0.0923219226503861,0,0,0,0,0,0,0,0,0,0,0,0,0,0,0,0,0,0,0,0,0,0,0,0,0,0,0,0,0,0,0,0,0,0,0,0,0,0,0,0,0,0,0,0,0,0,0,0,0,0,0,0,0,0,0,0,0,0,0,0,0,0,0,0,0,0,0,0,0,0,0,0,0,0,0,0,0,0,0,0,0.0263776921858246,0,0,0,0,0,0,0,0,0,0,0,0,0,0,0,0,0.0421297601388865,0,0,0,0,0,0.104657119525986,0,0.0519880541121778,0,0,0,0,0,0,0,0,0,0,0,0,0,0,0,0,0,0,0,0.0519880541121778,0,0,0,0,0,0,0,0,0,0,0,0,0,0,0,0.0519880541121778,0,0,0,0,0,0,0,0,0,0,0,0,0,0,0,0,0.049663408147662,0,0,0,0,0,0,0,0,0.0747725565648635,0,0,0.0659442304645615,0,0,0,0,0,0.0730529341816211,0,0,0,0,0,0,0,0,0,0.0270265114562462,0,0,0,0,0,0,0.049663408147662,0,0,0,0,0.0388307692454183,0,0,0,0,0,0,0,0,0.0419775285313871,0.0790145655684241,0,0,0,0.0131888460929123,0,0,0,0,0,0
155.txt,0,0,0.0365850944126724,0,0,0,0,0,0,0,0,0,0,0,0,0,0,0,0.045218900889985,0,0,0,0,0,0,0,0,0,0,0,0,0,0,0,0,0,0,0,0,0,0,0,0,0,0,0,0,0,0,0,0,0,0,0,0,0.10370750922841,0,0,0.0339141756674888,0,0,0,0,0,0,0,0,0,0.0320453813849415,0,0.0791330765574738,0,0,0.125233601454208,0,0,0,0,0,0.0719614774823778,0,0,0,0,0,0,0,0,0,0,0,0,0,0,0,0,0,0,0,0,0,0,0,0,0,0,0,0,0,0.0835997863602365,0,0,0,0,0,0.0626168007271038,0,0.135453540974441,0,0,0,0,0,0,0,0,0,0,0.0677267704872206,0,0,0,0,0,0,0,0,0,0,0,0,0,0,0,0.0518537546142048,0,0,0,0,0,0,0.0113047252224963,0,0,0,0,0,0,0,0,0,0.0677267704872206,0,0,0,0,0,0,0.0180556114880942,0,0,0,0,0,0.0256303149859557,0,0,0,0,0,0,0,0,0,0,0,0,0,0,0,0.0518537546142048,0,0,0,0,0,0,0,0,0,0,0,0,0.0626168007271038,0,0,0,0,0,0,0,0,0,0,0,0,0,0,0,0,0,0,0,0,0,0,0,0,0,0.0425686355551388,0,0,0,0,0,0,0,0,0.064090762769883,0,0,0.0565236261124813,0,0,0,0,0,0.0626168007271038,0,0,0,0,0,0.0743146673011705,0,0,0,0.0231655812482111,0,0,0,0,0,0.0677267704872206,0,0,0,0,0,0.0332835164960728,0,0,0,0,0,0,0,0,0,0,0,0,0,0.0113047252224963,0,0.168474814206366,0,0,0,0
156.txt,0,0,0.0426826101481178,0,0,0,0,0,0,0,0,0,0,0,0,0,0,0,0.0527553843716492,0,0,0,0,0,0,0,0,0,0,0,0,0,0.0573492877639368,0,0,0,0,0,0,0,0,0,0,0,0,0,0,0,0,0,0,0,0,0,0,0.120992094099811,0,0,0.0395665382787369,0,0,0,0,0,0,0,0,0,0.0373862782824318,0,0.0923219226503861,0,0,0.146105868363242,0,0,0,0,0,0,0,0,0,0,0.0681819266661805,0,0,0,0,0,0,0,0,0,0.216095382867504,0,0,0,0,0,0,0,0,0,0,0,0,0,0,0,0,0,0,0,0,0.0730529341816211,0,0,0,0,0,0,0,0,0,0,0,0,0,0,0,0,0,0,0,0,0,0,0,0,0,0,0,0,0.0604960470499056,0,0,0,0,0,0,0.0263776921858246,0,0,0,0,0,0,0,0,0,0,0,0,0,0,0,0,0.0210648800694432,0,0,0,0,0,0.0149510170751408,0,0,0,0,0,0,0,0,0,0,0,0,0,0,0,0.0604960470499056,0,0,0,0,0,0,0,0,0,0,0,0,0,0,0,0,0,0,0,0,0,0,0,0,0,0,0,0,0,0,0,0,0,0,0,0,0,0,0.049663408147662,0,0,0,0,0,0,0,0,0.0747725565648635,0,0,0.0659442304645615,0,0,0,0,0,0.0730529341816211,0,0,0,0,0,0,0,0.0790145655684241,0,0.0270265114562462,0,0,0,0,0,0,0,0,0,0,0,0.0388307692454183,0,0,0,0,0,0,0,0,0,0,0,0,0,0.0131888460929123,0,0.0218393277674919,0,0,0,0
157.txt,0,0,0.0426826101481178,0,0,0,0,0,0,0,0,0,0,0,0,0,0,0,0.0395665382787369,0,0,0,0,0,0,0,0,0,0,0,0,0,0,0,0,0,0,0,0,0,0,0,0,0,0,0,0,0,0,0,0,0,0,0,0,0,0,0,0,0,0,0,0,0,0,0,0,0,0,0,0.237399229672421,0,0,0,0,0,0,0,0,0,0,0,0,0,0,0,0,0,0,0.292599252260828,0,0,0,0,0.108047691433752,0,0,0,0,0,0,0,0,0,0,0,0,0,0,0,0,0,0,0,0,0,0,0,0,0,0,0,0,0,0,0,0,0,0,0,0,0,0,0,0,0,0,0,0,0,0,0,0,0,0,0,0,0,0,0,0,0.0395665382787369,0,0,0,0,0,0,0,0,0,0,0,0,0,0,0,0,0,0,0,0,0,0,0,0,0,0,0,0,0,0,0,0,0,0,0,0,0,0,0,0,0,0,0,0,0,0,0,0,0,0,0,0,0,0,0,0,0,0,0,0,0,0,0,0,0,0,0,0,0,0,0,0,0,0,0,0,0,0,0,0,0,0,0,0,0,0,0,0,0,0.0395665382787369,0,0,0,0,0,0,0,0,0,0,0,0,0,0,0,0,0,0,0,0,0.204545779998541,0,0,0.260101335554097,0,0,0,0.23298461547251,0,0,0,0,0,0,0,0,0,0,0,0,0,0.0395665382787369,0,0,0,0,0,0
158.txt,0,0,0.0334037818550487,0,0,0,0,0.134646153880547,0,0,0,0,0,0,0,0,0,0,0.0412868225517255,0,0,0,0,0,0,0,0,0,0,0,0,0,0,0,0,0,0,0,0,0,0.13570504463692,0,0,0,0,0,0,0,0,0,0,0,0,0,0,0.0946894649476783,0,0,0.0412868225517255,0,0,0,0,0,0,0,0,0,0.0292588264819031,0,0.0722519394655195,0.0371934322109248,0,0,0,0,0,0,0,0,0,0,0,0,0.0533597686952717,0,0,0,0,0,0,0,0,0,0.0281863542870658,0,0,0,0,0,0,0,0,0,0,0,0,0,0,0,0,0,0,0,0,0,0,0,0,0,0,0,0,0,0,0,0,0,0,0,0,0,0.444618076610478,0,0,0,0.171515584600328,0,0,0,0,0,0,0,0,0,0,0,0,0,0,0.0206434112758627,0,0,0,0,0,0,0,0,0,0,0,0,0,0,0,0,0.0164855583152165,0,0,0,0,0,0,0,0,0,0,0,0,0,0,0,0,0,0,0,0,0,0,0,0,0,0,0,0,0,0,0,0,0.0897641025870316,0,0,0,0,0,0,0,0,0,0,0.0406863032182261,0,0,0,0,0,0,0,0,0,0,0.0406863032182261,0,0,0,0,0,0.0388670150720833,0,0,0,0,0,0,0,0,0.0585176529638063,0,0,0.0516085281896568,0,0,0,0,0,0.0571718615334426,0,0,0,0,0,0,0,0,0,0.0211511828788014,0,0,0,0,0,0,0,0,0,0,0,0.0303892976703274,0,0,0,0,0,0,0,0,0,0,0,0.0678525223184601,0,0.0103217056379314,0,0,0,0,0,0.0533597686952717
159.txt,0,0,0.0419065626908793,0,0,0,0,0,0,0,0,0,0,0,0,0,0,0,0.0517961955648919,0,0,0,0,0,0,0.0593961189217255,0,0,0,0,0,0,0.0563065734409562,0,0,0,0,0,0,0,0,0,0,0,0,0,0,0,0,0,0,0,0,0,0,0.118792237843451,0,0,0.0517961955648919,0,0,0,0,0,0,0,0,0,0.0367065277682057,0,0.0776942933473379,0,0,0,0,0,0,0,0,0,0,0,0,0,0,0,0,0,0,0,0,0,0,0,0,0,0,0,0,0,0,0,0,0,0,0,0,0,0,0.0957597552853618,0,0,0,0,0,0,0,0,0,0,0,0,0,0,0,0,0,0,0,0,0,0,0,0,0,0,0,0,0,0,0,0,0,0,0,0,0,0,0,0,0,0.012949048891223,0,0,0,0,0,0,0,0,0,0,0,0,0,0,0,0,0.0206818822499988,0,0,0,0,0,0,0,0,0,0.0628987567024963,0,0,0,0,0,0,0,0,0,0,0,0,0,0,0,0,0,0,0,0,0,0,0,0,0.0717246990146825,0,0,0,0,0,0,0,0,0.0510428167646837,0,0,0,0,0,0.0593961189217255,0,0.214050332360295,0,0,0.0510428167646837,0,0,0,0,0,0.0487604370904317,0,0,0,0,0,0,0,0,0.0734130555364115,0,0,0.0647452444561149,0,0,0,0,0,0,0.0593961189217255,0,0,0,0,0,0,0,0,0.0265351203388599,0,0,0,0,0,0,0,0,0,0,0,0.038124755259138,0,0,0,0,0,0,0,0,0,0,0,0,0,0.012949048891223,0,0.0428844981616204,0.0563065734409562,0,0,0
160.txt,0,0,0.0365850944126724,0,0,0,0,0,0,0,0,0,0,0,0,0,0,0,0.0339141756674888,0,0,0,0,0,0,0,0,0,0,0,0,0,0,0,0,0,0,0,0,0,0,0,0,0,0,0,0,0,0,0,0,0,0,0,0,0,0,0,0,0,0,0,0,0,0,0,0,0,0,0,0.203485054004933,0,0,0,0,0,0,0,0,0,0,0,0,0,0,0,0,0,0,0,0,0,0,0,0,0,0,0,0,0,0,0,0,0,0,0,0,0,0,0,0,0,0,0,0,0,0,0,0,0,0,0,0,0,0,0,0,0,0,0,0,0,0,0,0,0,0,0,0,0,0,0,0,0,0,0,0,0,0,0,0,0.0339141756674888,0,0,0,0,0,0,0,0,0,0,0,0,0,0,0,0,0.0541668344642826,0,0,0,0,0,0,0,0,0,0,0,0,0,0,0,0,0,0,0,0,0,0,0,0,0,0,0,0,0,0,0,0,0,0,0,0,0,0,0,0,0,0,0,0,0,0,0,0,0,0,0,0,0,0,0,0,0,0,0,0,0,0,0,0,0,0,0,0,0,0,0,0,0.0339141756674888,0,0,0,0,0,0,0,0,0,0,0,0,0,0,0,0,0,0,0,0,0,0,0,0.222944001903512,0,0,0,0.299551648464656,0,0,0,0,0,0,0,0,0,0,0,0,0,0.0339141756674888,0,0.168474814206366,0.147469597107266,0,0,0
